,Country,Code,1960,1961,1962,1963,1964,1965,1966,1967,1968,1969,1970,1971,1972,1973,1974,1975,1976,1977,1978,1979,1980,1981,1982,1983,1984,1985,1986,1987,1988,1989,1990,1991,1992,1993,1994,1995,1996,1997,1998,1999,2000,2001,2002,2003,2004,2005,2006,2007,2008,2009,2010,2011,2012,2013,2014,2015,2016,2017,2018,2019,2020,2021,2022,2023,Unnamed: 68
0,Australia,AUS,3.73,2.29,-0.32,0.64,2.87,3.41,3.29,3.48,2.52,3.28,3.44,6.14,6.02,9.09,15.42,15.16,13.32,12.31,8.0,9.12,10.14,9.49,11.35,10.04,3.96,6.73,9.05,8.53,7.22,7.53,7.33,3.18,1.01,1.75,1.97,4.63,2.62,0.22,0.86,1.48,4.46,4.41,2.98,2.73,2.34,2.69,3.56,2.33,4.35,1.77,2.92,3.3,1.76,2.45,2.49,1.51,1.28,1.95,1.91,1.61,0.85,2.86,6.59,5.6,
1,Austria,AUT,1.95,3.54,4.38,2.71,3.87,4.93,2.05,3.97,2.76,3.08,4.37,4.7,6.36,7.53,9.52,8.45,7.32,5.49,3.57,3.71,6.33,6.8,5.44,3.34,5.66,3.19,1.71,1.4,1.92,2.57,3.26,3.34,4.02,3.63,2.95,2.24,1.86,1.31,0.92,0.57,2.34,2.65,1.81,1.36,2.06,2.3,1.44,2.17,3.22,0.51,1.81,3.29,2.49,2.0,1.61,0.9,0.89,2.08,2.0,1.53,1.38,2.77,8.55,7.81,
2,Belgium,BEL,0.3,0.99,1.4,2.15,4.17,4.07,4.17,2.73,2.7,3.75,3.91,4.34,5.45,6.96,12.68,12.77,9.07,7.1,4.47,4.47,6.65,7.63,8.73,7.66,6.34,4.87,1.29,1.55,1.16,3.11,3.45,3.22,2.43,2.75,2.38,1.47,2.08,1.63,0.95,1.12,2.54,2.47,1.65,1.59,2.1,2.78,1.79,1.82,4.49,-0.05,2.19,3.53,2.84,1.11,0.34,0.56,1.97,2.13,2.05,1.44,0.74,2.44,9.6,4.05,
3,Burkina Faso,BFA,7.79,18.56,1.68,5.57,1.85,-0.73,2.36,-4.33,-0.29,9.66,1.77,2.06,-2.92,7.6,8.72,18.76,-8.4,29.99,8.27,14.99,12.2,7.56,12.06,8.15,4.85,6.91,-2.61,-2.68,4.26,-0.48,-0.5,2.16,-1.99,0.55,25.18,7.46,6.1,2.32,5.08,-1.07,-0.3,5.01,2.18,2.03,-0.4,6.42,2.33,-0.23,10.66,2.61,-0.76,2.76,3.82,0.53,-0.26,0.72,0.44,1.48,1.96,-3.23,1.88,3.65,14.29,0.74,
4,Bolivia,BOL,11.53,7.56,5.88,-0.71,10.18,2.86,6.95,11.2,5.47,2.21,3.96,3.67,6.51,31.49,62.84,7.98,4.49,8.11,10.36,19.72,47.24,32.13,123.54,275.59,1281.35,11749.64,276.34,14.58,16.0,15.17,17.12,21.45,12.06,8.53,7.87,10.19,12.43,4.71,7.67,2.16,4.61,1.59,0.93,3.34,4.44,5.39,4.28,8.71,14.01,3.35,2.5,9.88,4.52,5.74,5.77,4.06,3.62,2.82,2.27,1.84,0.94,0.74,1.75,2.58,
5,Canada,CAN,1.36,1.02,1.06,1.63,1.91,2.33,3.82,3.58,4.06,4.56,3.35,2.7,4.99,7.49,11.0,10.67,7.54,7.98,8.97,9.14,10.13,12.47,10.77,5.86,4.3,3.96,4.19,4.36,4.03,4.98,4.78,5.63,1.49,1.87,0.17,2.15,1.57,1.62,1.0,1.73,2.72,2.53,2.26,2.76,1.86,2.21,2.0,2.14,2.37,0.3,1.78,2.91,1.52,0.94,1.91,1.13,1.43,1.6,2.27,1.95,0.72,3.4,6.8,3.88,
6,Switzerland,CHE,1.44,1.85,4.32,3.44,3.08,3.41,4.78,4.01,2.4,2.49,3.62,6.57,6.66,8.75,9.77,6.7,1.72,1.3,1.03,3.65,4.02,6.49,5.66,2.95,2.93,3.44,0.75,1.44,1.87,3.16,5.4,5.86,4.04,3.29,0.85,1.8,0.81,0.52,0.02,0.81,1.56,0.99,0.64,0.64,0.8,1.17,1.06,0.73,2.43,-0.48,0.69,0.23,-0.69,-0.22,-0.01,-1.14,-0.43,0.53,0.94,0.36,-0.73,0.58,2.84,2.14,
7,Colombia,COL,5.81,8.28,4.7,26.36,17.07,7.59,16.73,8.33,7.45,6.98,6.91,11.94,12.44,22.53,23.87,23.44,19.83,33.8,17.76,24.13,26.55,27.45,24.72,19.6,16.16,24.09,18.84,23.3,28.11,25.87,29.15,30.39,27.01,22.44,22.85,20.89,20.8,18.47,18.68,10.87,9.23,7.97,6.35,7.13,5.9,5.05,4.29,5.54,7.0,4.2,2.27,3.42,3.17,2.02,2.9,4.99,7.51,4.31,3.24,3.52,2.53,3.5,10.18,11.74,
8,Costa Rica,CRI,0.79,2.43,2.68,2.93,3.32,-0.67,0.18,1.21,4.09,2.63,4.65,3.08,4.6,15.21,30.07,17.37,3.49,4.19,6.01,9.19,18.14,37.06,90.12,32.62,11.95,15.06,11.84,16.84,20.83,16.51,19.04,28.71,21.79,9.78,13.53,23.19,17.51,13.25,11.66,10.05,10.96,11.26,9.17,9.45,12.31,13.8,11.47,9.36,13.42,7.84,5.66,4.88,4.5,5.23,4.52,0.8,-0.02,1.63,2.22,2.1,0.72,1.73,8.27,0.53,
9,Cyprus,CYP,0.83,-0.62,0.1,1.96,-0.3,0.2,0.51,0.7,3.77,2.39,2.4,4.14,4.83,7.81,16.18,4.64,3.85,7.33,7.44,9.46,13.52,10.74,6.43,5.05,5.99,5.03,1.22,2.79,3.43,3.77,4.5,5.04,6.51,4.85,4.7,2.62,2.98,3.61,2.23,1.63,4.14,1.97,2.8,4.14,2.29,2.56,2.3,2.37,4.67,0.33,2.43,3.29,2.39,-0.4,-1.35,-2.1,-1.43,0.53,1.44,0.25,-0.64,2.45,8.4,3.54,
10,Germany,DEU,1.54,2.29,2.84,2.97,2.34,3.24,3.53,1.8,1.47,1.91,3.45,5.24,5.48,7.03,6.99,5.91,4.25,3.73,2.72,4.04,5.44,6.34,5.24,3.29,2.41,2.07,-0.13,0.25,1.27,2.78,2.7,4.05,5.06,4.47,2.69,1.71,1.45,1.94,0.91,0.59,1.44,1.98,1.42,1.03,1.67,1.55,1.58,2.3,2.63,0.31,1.1,2.08,2.01,1.5,0.91,0.51,0.49,1.51,1.73,1.45,0.14,3.07,6.87,5.95,
11,Denmark,DNK,1.26,3.45,7.38,6.11,3.09,5.45,7.06,8.21,8.01,3.49,6.51,5.87,6.56,9.3,15.28,9.61,9.01,10.92,10.21,9.61,12.31,11.77,10.12,6.91,6.29,4.68,3.68,4.02,4.54,4.77,2.64,2.4,2.1,1.26,1.99,2.08,2.13,2.18,1.85,2.5,2.9,2.34,2.42,2.08,1.15,1.82,1.92,1.69,3.42,1.3,2.31,2.76,2.4,0.79,0.56,0.45,0.25,1.15,0.81,0.76,0.42,1.85,7.7,3.31,
12,Dominican Republic,DOM,-3.56,-3.9,9.16,8.58,2.11,-1.89,0.26,1.24,0.04,0.96,3.82,3.58,8.64,15.08,13.14,14.5,7.77,12.85,3.48,9.17,16.75,7.51,7.65,5.63,20.15,45.34,7.64,13.55,43.86,40.66,50.46,47.08,4.26,5.25,8.26,12.54,5.4,8.3,4.83,6.47,7.72,8.88,5.22,27.45,51.46,4.19,7.57,6.14,10.64,1.44,6.33,5.8,3.69,4.83,3.0,0.84,1.61,3.28,3.56,1.81,3.78,8.24,8.81,4.79,
13,Ecuador,ECU,1.68,3.99,2.87,5.94,4.03,3.07,5.45,3.82,4.32,6.33,5.17,9.52,7.53,12.13,22.7,14.29,10.17,12.94,13.1,10.12,11.91,14.05,16.28,48.42,31.22,27.99,23.03,29.5,58.22,75.65,48.52,48.72,54.61,44.96,27.31,22.93,24.41,30.66,36.1,52.24,96.1,37.68,12.48,7.93,2.74,2.17,3.3,2.28,8.4,5.16,3.55,4.47,5.1,2.72,3.59,3.97,1.73,0.42,-0.22,0.27,-0.34,0.13,3.47,2.22,
14,"Egypt, Arab Rep.",EGY,0.33,0.69,-3.0,0.75,3.66,14.84,9.04,0.7,-1.68,3.41,3.76,3.14,2.1,5.11,10.02,9.67,10.32,12.73,11.08,9.9,20.82,10.32,14.82,16.08,17.04,12.11,23.86,19.69,17.66,21.26,16.76,19.75,13.64,12.09,8.15,15.74,7.19,4.63,3.87,3.08,2.68,2.27,2.74,4.51,11.27,4.87,7.64,9.32,18.32,11.76,11.27,10.06,7.11,9.47,10.07,10.37,13.81,29.51,14.4,9.15,5.04,5.21,13.9,33.88,
15,Euro area,EMU,1.74,1.87,2.75,2.92,3.66,3.67,3.43,2.99,3.24,2.65,4.14,5.02,5.91,7.92,14.66,12.23,9.71,9.77,7.57,8.47,13.54,11.51,9.58,8.67,7.07,5.2,2.74,3.22,3.07,3.93,3.98,4.18,5.27,4.6,4.41,4.09,3.02,2.22,2.31,1.9,2.95,2.86,2.33,2.1,2.22,2.52,2.72,2.48,4.11,0.44,1.52,3.29,2.54,1.31,0.22,-0.09,0.17,1.38,1.69,1.44,0.19,2.49,8.47,5.78,
16,Spain,ESP,1.18,0.81,5.71,8.74,6.98,13.21,6.24,6.39,4.95,2.16,5.73,8.24,8.27,11.42,15.68,16.95,17.62,24.54,19.77,15.66,15.56,14.55,14.42,12.17,11.28,8.81,8.79,5.25,4.84,6.79,6.72,5.93,5.92,4.57,4.72,4.67,3.56,1.97,1.83,2.31,3.43,3.59,3.07,3.04,3.04,3.37,3.52,2.79,4.08,-0.29,1.8,3.2,2.45,1.41,-0.15,-0.5,-0.2,1.96,1.67,0.7,-0.32,3.09,8.39,3.53,
17,European Union,EUU,1.74,2.08,3.55,2.92,3.42,3.99,3.7,3.32,3.24,2.67,4.51,5.24,6.01,7.75,13.16,10.47,9.35,9.77,7.76,8.22,12.91,11.77,9.58,8.67,7.67,5.4,3.68,4.02,4.54,6.26,6.15,5.48,6.22,4.85,4.72,4.43,3.56,3.11,2.41,2.16,3.15,3.37,2.42,2.09,2.29,2.49,2.67,2.51,4.16,0.84,1.53,3.29,2.66,1.22,0.2,-0.06,0.18,1.43,1.74,1.63,0.48,2.55,8.83,6.3,
18,Finland,FIN,3.42,1.69,4.38,5.0,10.28,4.94,3.87,5.38,9.19,2.21,2.74,6.48,6.66,10.75,16.94,17.81,14.34,11.79,7.8,7.47,11.59,11.31,9.58,8.37,7.07,5.2,2.93,4.11,5.09,6.59,6.15,4.31,2.92,2.19,1.09,0.79,0.63,1.19,1.4,1.16,3.04,2.58,1.57,0.88,0.19,0.62,1.57,2.51,4.07,-0.0,1.18,3.42,2.81,1.48,1.04,-0.21,0.36,0.75,1.08,1.02,0.29,2.19,7.12,6.25,
19,France,FRA,4.14,2.4,5.33,5.0,3.21,2.7,2.6,2.79,4.54,6.05,5.3,5.4,6.06,7.38,13.65,11.69,9.63,9.49,9.25,10.65,13.56,13.31,11.98,9.46,7.67,5.83,2.54,3.29,2.7,3.5,3.19,3.21,2.36,2.1,1.66,1.8,1.98,1.2,0.65,0.54,1.68,1.63,1.92,2.1,2.14,1.75,1.68,1.49,2.81,0.09,1.53,2.11,1.95,0.86,0.51,0.04,0.18,1.03,1.85,1.11,0.48,1.64,5.22,4.88,
20,United Kingdom,GBR,1.0,3.45,4.2,2.02,3.28,4.77,3.91,2.48,4.7,5.45,6.37,9.44,7.07,9.2,16.04,24.21,16.56,15.84,8.26,13.42,17.97,11.88,8.6,4.61,4.96,6.07,3.43,4.15,4.16,5.76,8.06,7.46,4.59,2.56,2.22,2.7,2.85,2.2,1.82,1.75,1.18,1.53,1.52,1.38,1.39,2.09,2.46,2.39,3.52,1.96,2.49,3.86,2.57,2.29,1.45,0.37,1.01,2.56,2.29,1.74,0.99,2.52,7.92,6.79,
21,Greece,GRC,1.48,2.1,-0.48,3.18,0.62,3.22,4.9,1.84,0.14,2.64,2.84,3.29,4.33,15.38,26.56,13.63,13.02,12.37,12.57,19.09,24.68,24.51,20.99,20.18,18.46,19.31,23.02,16.4,13.53,13.66,20.43,19.46,15.88,14.41,10.87,8.93,8.19,5.54,4.77,2.64,3.15,3.37,3.63,3.53,2.9,3.55,3.2,2.9,4.15,1.21,4.71,3.33,1.5,-0.92,-1.31,-1.74,-0.83,1.12,0.63,0.25,-1.25,1.22,9.65,3.46,
22,Guatemala,GTM,-1.19,-0.55,2.05,0.15,-0.19,-0.8,0.68,0.49,1.93,2.1,2.34,-0.45,0.53,13.8,16.49,13.16,10.72,12.32,8.29,11.34,10.82,11.43,0.31,4.54,3.41,18.69,36.93,12.32,10.83,11.39,41.22,33.17,10.05,11.82,10.86,8.41,11.06,9.23,6.61,5.21,5.98,7.29,8.13,5.6,7.58,9.11,6.56,6.82,11.36,1.86,3.86,6.21,3.78,4.34,3.42,2.39,4.45,4.42,3.75,3.7,3.21,4.26,6.89,6.21,
23,Honduras,HND,-1.75,1.56,1.09,3.08,4.47,3.19,1.78,2.09,1.86,1.26,2.88,2.22,3.61,5.19,12.85,8.38,4.88,8.43,5.75,12.14,18.06,9.41,8.98,8.25,4.73,3.36,4.35,2.49,4.49,9.85,23.32,33.97,8.76,10.75,21.73,29.46,23.84,20.2,13.67,11.66,11.05,9.67,7.69,7.67,8.11,8.81,5.58,6.94,11.4,5.5,4.7,6.76,5.2,5.16,6.13,3.16,2.72,3.93,4.35,4.37,3.47,4.48,9.09,6.66,
24,Haiti,HTI,-5.03,3.78,-0.55,4.31,9.16,2.26,8.3,-2.94,1.32,1.41,1.37,9.58,3.19,22.74,14.95,16.77,7.04,6.49,-2.67,13.09,17.78,10.86,7.36,10.24,6.4,10.65,3.28,-11.45,4.11,6.92,21.28,15.42,19.36,29.71,39.33,27.61,20.58,20.56,5.27,3.0,9.33,13.32,7.03,28.7,21.03,13.97,11.35,6.56,15.28,0.39,4.83,6.33,5.02,4.77,3.44,6.73,11.5,10.68,12.48,18.7,22.8,16.84,33.98,36.81,
25,Indonesia,IDN,39.59,13.69,131.4,145.91,108.99,306.76,1136.25,106.0,128.84,15.48,12.4,4.23,6.52,31.04,40.49,19.17,19.83,11.05,8.11,16.23,18.04,12.27,9.45,11.8,10.46,4.72,5.82,9.28,8.05,6.42,7.82,9.42,7.52,9.67,8.53,9.42,7.97,6.23,58.45,20.48,3.69,11.5,11.9,6.76,6.06,10.45,13.11,6.41,10.23,4.39,5.13,5.36,4.28,6.41,6.39,6.36,3.53,3.81,3.2,3.03,1.92,1.56,4.21,3.67,
26,India,IND,1.78,1.7,3.63,2.95,13.36,9.47,10.8,13.06,3.24,-0.58,5.09,3.08,6.44,16.94,28.6,5.75,-7.63,8.31,2.52,6.28,11.35,13.11,7.89,11.87,8.32,5.56,8.73,8.8,9.38,7.07,8.97,13.87,11.79,6.33,10.25,10.22,8.98,7.16,13.23,4.67,4.01,3.78,4.3,3.81,3.77,4.25,5.8,6.37,8.35,10.88,11.99,8.91,9.48,10.02,6.67,4.91,4.95,3.33,3.94,3.73,6.62,5.13,6.7,5.65,
27,Ireland,IRL,0.45,2.76,4.26,2.45,6.72,4.99,3.05,3.18,4.68,7.42,8.21,8.96,8.61,11.41,16.98,20.88,17.99,13.47,7.71,13.3,18.15,20.37,17.15,10.45,8.65,5.4,3.83,3.16,2.13,4.09,3.32,3.21,3.07,1.47,2.31,2.52,1.76,1.54,2.41,1.63,5.58,4.85,4.63,3.49,2.18,2.46,3.94,4.89,4.04,-4.45,-0.92,2.55,1.69,0.52,0.19,-0.33,0.02,0.36,0.47,0.94,-0.33,2.34,7.83,6.3,
28,"Iran, Islamic Rep.",IRN,9.82,3.16,0.72,0.37,3.81,2.15,-0.39,1.6,0.69,3.59,1.67,4.2,6.4,9.82,14.25,12.88,11.26,27.29,11.72,10.49,20.64,24.2,18.69,19.74,12.54,4.39,18.43,28.57,28.67,22.35,7.63,17.13,25.81,21.2,31.45,49.66,28.94,17.35,17.87,20.07,14.48,11.27,14.34,16.47,14.76,13.43,10.02,17.34,25.41,13.55,10.09,26.29,27.26,36.6,16.61,12.48,7.25,8.04,18.01,39.91,30.59,43.39,43.49,44.58,
29,Iceland,ISL,1.99,4.71,11.02,12.93,19.25,7.32,10.69,3.32,15.23,21.76,13.37,6.73,9.81,21.35,42.52,49.36,32.04,30.32,43.75,44.44,58.53,51.79,50.24,83.95,30.85,31.99,22.13,18.3,25.73,20.76,15.51,6.81,3.95,4.04,1.55,1.65,2.26,1.82,1.66,3.23,5.14,6.41,5.2,2.06,3.16,3.99,6.69,5.05,12.69,12.0,5.4,4.0,5.19,3.87,2.04,1.63,1.7,1.76,2.68,3.01,2.85,4.44,8.31,8.74,
30,Israel,ISR,2.23,6.79,9.41,6.58,5.17,7.71,7.93,1.71,2.08,2.46,6.11,11.97,12.88,20.03,39.68,39.31,31.31,34.62,50.55,78.31,131.02,116.8,120.36,145.95,373.22,309.93,47.89,19.07,16.4,20.35,17.19,19.14,12.02,10.92,12.28,9.93,11.42,8.97,5.49,5.18,1.03,1.15,5.77,0.7,-0.38,1.31,2.06,0.46,4.55,3.36,2.69,3.48,1.68,1.57,0.48,-0.6,-0.55,0.26,0.79,0.85,-0.61,1.51,4.39,4.23,
31,Italy,ITA,2.35,2.05,4.69,7.45,5.91,4.52,2.35,3.73,1.28,2.66,4.97,4.79,5.75,10.8,19.16,16.95,16.61,17.13,12.09,14.8,21.06,17.97,16.48,14.65,10.79,9.21,5.82,4.75,5.06,6.26,6.46,6.25,5.27,4.63,4.05,5.24,4.01,2.04,1.96,1.66,2.54,2.79,2.47,2.67,2.21,1.99,2.09,1.83,3.35,0.77,1.53,2.78,3.04,1.22,0.24,0.04,-0.09,1.23,1.14,0.61,-0.14,1.87,8.2,5.62,
32,Jamaica,JAM,3.27,6.7,1.41,1.76,2.01,2.63,1.9,3.02,5.93,6.3,14.73,5.34,5.43,17.68,27.16,17.38,9.79,11.19,34.9,29.08,27.31,12.74,6.55,11.58,27.81,25.67,15.11,6.65,8.27,14.33,21.96,51.07,77.3,22.07,35.06,19.91,26.41,9.66,8.63,5.95,8.17,6.8,7.08,10.09,13.55,15.05,8.56,9.24,22.02,9.59,12.61,7.56,6.87,9.34,8.27,3.69,2.35,4.38,3.74,3.91,5.23,5.86,10.35,6.47,
33,Japan,JPN,3.57,5.37,6.84,6.71,3.8,6.66,5.04,3.99,5.34,5.25,6.92,6.4,4.84,11.61,23.22,11.73,9.37,8.16,4.21,3.7,7.78,4.91,2.74,1.9,2.26,2.03,0.6,0.13,0.68,2.27,3.08,3.25,1.76,1.24,0.7,-0.13,0.14,1.75,0.66,-0.34,-0.68,-0.74,-0.92,-0.26,-0.01,-0.28,0.25,0.06,1.38,-1.35,-0.73,-0.27,-0.04,0.34,2.76,0.8,-0.13,0.48,0.99,0.47,-0.02,-0.23,2.5,3.27,
34,Kenya,KEN,1.24,2.46,3.12,0.7,-0.1,3.58,5.01,1.76,0.37,-0.17,2.19,3.78,5.83,9.28,17.81,19.12,11.45,14.82,16.93,7.98,13.86,11.6,20.67,11.4,10.28,13.01,2.53,8.64,12.26,13.79,17.78,20.08,27.33,45.98,28.81,1.55,8.86,11.36,6.72,5.74,9.98,5.74,1.96,9.82,11.62,10.31,14.45,9.76,26.24,9.23,3.96,14.02,9.38,5.72,6.88,6.58,6.3,8.01,4.69,5.24,5.41,6.11,7.66,7.67,
35,"Korea, Rep.",KOR,7.97,8.2,6.62,20.69,29.46,13.55,11.26,10.88,10.77,12.39,15.95,13.51,11.69,3.22,24.3,25.25,15.33,10.1,14.46,18.32,28.7,21.35,7.19,3.42,2.27,2.46,2.75,3.05,7.15,5.7,8.57,9.33,6.21,4.8,6.27,4.48,4.92,4.44,7.51,0.81,2.26,4.07,2.76,3.51,3.59,2.75,2.24,2.53,4.67,2.76,2.94,4.03,2.19,1.3,1.27,0.71,0.97,1.94,1.48,0.38,0.54,2.5,5.09,3.59,
36,Latin America & Caribbean (excluding high income),LAC,2.27,3.11,2.08,2.51,3.68,2.75,2.87,2.55,3.25,2.44,4.3,4.31,5.19,13.19,23.24,14.94,9.79,10.69,10.51,14.84,18.14,13.66,7.73,10.91,11.73,20.51,16.9,14.06,13.42,14.75,22.64,25.1,13.63,11.28,12.19,12.98,11.3,7.72,6.93,5.04,7.07,6.8,5.22,5.6,5.9,5.05,4.28,6.14,10.07,2.59,3.86,5.13,4.11,2.77,3.44,3.13,2.72,3.28,2.78,2.17,2.0,4.26,8.27,4.61,
37,Sri Lanka,LKA,-1.54,1.13,1.5,2.27,3.2,0.22,-0.16,2.19,5.86,7.46,5.87,2.67,6.35,9.63,12.3,6.63,1.33,1.22,12.14,10.73,26.15,17.97,10.83,13.96,16.64,1.48,7.98,7.72,13.99,11.57,21.5,12.19,11.38,11.75,8.45,7.67,15.94,9.57,9.36,4.69,6.18,14.16,9.55,6.31,7.58,11.64,10.02,15.84,22.56,3.46,6.22,6.72,7.54,6.91,3.18,3.77,3.96,7.7,2.14,3.53,6.15,7.01,49.72,16.54,
38,Luxembourg,LUX,0.45,0.48,0.9,2.88,3.1,3.33,3.33,2.17,2.63,2.29,4.64,4.67,5.23,6.07,9.54,10.72,9.8,6.71,3.09,4.55,6.3,8.07,9.36,8.67,6.44,4.09,0.29,-0.06,1.44,3.37,3.25,3.12,3.15,3.59,2.19,1.87,1.18,1.37,0.96,1.03,3.15,2.66,2.07,2.05,2.23,2.49,2.67,2.31,3.4,0.37,2.27,3.41,2.66,1.73,0.63,0.47,0.29,1.73,1.53,1.74,0.82,2.53,6.34,3.74,
39,Morocco,MAR,3.42,1.76,5.1,5.7,4.02,3.48,-1.01,-0.75,0.44,2.95,1.28,4.16,3.76,4.08,17.56,7.92,8.5,12.6,9.72,8.33,9.41,12.49,10.53,6.21,12.45,7.73,8.73,2.7,2.37,3.26,6.78,7.99,5.74,5.18,5.14,6.12,2.99,1.04,2.75,0.68,1.89,0.62,2.8,1.17,1.49,0.98,3.28,2.04,3.71,0.97,0.99,0.91,1.29,1.88,0.44,1.56,1.64,0.75,1.8,0.3,0.71,1.4,6.66,6.09,
40,Mexico,MEX,4.93,1.61,1.2,0.59,2.34,3.57,4.22,3.02,2.33,3.37,5.0,5.47,4.94,12.08,23.78,14.94,15.82,29.06,17.46,18.19,26.35,27.93,58.91,101.87,65.45,57.75,86.23,131.83,114.16,20.01,26.65,22.66,15.51,9.75,6.97,35.0,34.38,20.63,15.93,16.59,9.49,6.37,5.03,4.55,4.69,3.99,3.63,3.97,5.12,5.3,4.16,3.41,4.11,3.81,4.02,2.72,2.82,6.04,4.9,3.64,3.4,5.69,7.9,5.53,
41,Malta,MLT,3.38,2.51,0.17,1.88,2.18,1.6,0.52,0.69,2.04,2.33,3.72,2.32,3.37,7.69,7.26,8.79,0.55,10.04,4.71,7.15,15.75,11.51,5.82,-0.88,-0.44,-0.24,2.03,0.43,0.94,0.85,2.98,2.54,1.63,4.14,4.13,4.43,2.05,3.11,2.39,2.13,2.37,2.93,2.19,1.3,2.79,3.01,2.77,1.25,4.26,2.08,1.52,2.96,2.38,1.18,0.31,1.1,0.64,1.36,1.16,1.64,0.64,1.5,6.15,5.09,
42,Malaysia,MYS,0.06,-0.18,0.11,3.11,-0.4,-0.11,0.97,4.58,-0.16,-0.41,1.84,1.61,3.23,10.56,17.33,4.49,2.63,4.79,4.86,3.65,6.67,9.7,5.82,3.7,3.9,0.35,0.74,0.29,2.56,2.81,2.62,4.36,4.77,3.54,3.72,3.45,3.49,2.66,5.27,2.74,1.53,1.42,1.81,1.09,1.42,2.98,3.61,2.03,5.44,0.58,1.62,3.17,1.66,2.11,3.14,2.1,2.09,3.87,0.88,0.66,-1.14,2.48,3.38,2.49,
43,North America,NAC,1.41,1.04,1.13,1.43,1.6,1.96,3.42,3.18,4.16,5.01,4.59,3.5,4.13,6.83,11.03,9.91,6.64,7.24,8.3,10.2,11.84,11.4,8.45,4.54,4.3,3.75,3.05,4.01,4.05,4.91,5.09,4.93,2.26,2.41,1.39,2.48,2.25,1.98,1.27,1.96,3.05,2.68,1.92,2.51,2.27,2.8,2.61,2.5,3.1,-0.03,1.71,3.03,1.79,1.2,1.76,0.62,1.35,1.86,2.36,1.88,0.98,4.05,7.4,4.0,
44,Nigeria,NGA,5.44,6.28,5.27,-2.69,0.86,4.1,9.69,-3.73,-0.48,10.16,13.76,16.0,3.46,5.4,12.67,33.96,24.3,15.09,21.71,11.71,9.97,20.81,7.7,23.21,17.82,7.44,5.72,11.29,54.51,50.47,7.36,13.01,44.59,57.17,57.03,72.84,29.27,8.53,10.0,6.62,6.93,18.87,12.88,14.03,15.0,17.86,8.23,5.39,11.58,12.54,13.74,10.83,12.22,8.5,8.05,9.01,15.7,16.5,12.1,11.4,13.25,16.95,18.85,24.66,
45,Netherlands,NLD,2.32,1.31,2.43,3.24,5.82,3.91,5.76,3.46,3.72,7.42,3.67,7.48,7.8,8.02,9.59,10.22,8.83,6.4,4.11,4.2,6.51,6.74,5.91,2.74,3.3,2.26,0.08,-0.69,0.74,1.08,2.45,3.16,3.18,2.58,2.8,1.92,1.95,2.11,1.96,2.16,2.36,4.16,3.29,2.09,1.26,1.69,1.1,1.61,2.49,1.19,1.28,2.34,2.46,2.51,0.98,0.6,0.32,1.38,1.7,2.63,1.27,2.68,10.0,3.84,
46,Norway,NOR,0.36,2.16,5.27,2.47,5.87,4.19,3.25,4.58,3.45,2.96,10.64,6.22,7.26,7.42,9.41,11.69,9.16,9.1,8.16,4.51,10.88,13.64,11.34,8.47,6.22,5.71,7.18,8.72,6.68,4.55,4.13,3.44,2.33,2.29,1.38,2.46,1.26,2.57,2.25,2.37,3.09,3.0,1.29,2.49,0.45,1.53,2.33,0.71,3.75,2.2,2.42,1.28,0.7,2.12,2.04,2.17,3.55,1.88,2.76,2.17,1.29,3.48,5.76,5.52,
47,New Zealand,NZL,0.7,1.8,2.68,1.97,3.47,3.4,2.76,6.06,4.31,4.93,6.52,10.39,6.93,8.17,11.11,14.68,16.91,14.38,11.96,13.7,17.15,15.37,16.16,7.34,6.17,15.42,13.21,15.74,6.38,5.72,6.1,2.6,1.01,1.29,1.75,3.75,2.29,1.19,1.27,-0.11,2.62,2.63,2.68,1.75,2.29,3.04,3.37,2.38,3.96,2.12,2.3,4.03,1.06,1.13,1.23,0.29,0.65,1.85,1.6,1.62,1.71,3.94,7.17,5.73,
48,OECD members,OED,1.95,2.16,4.26,2.97,3.44,4.19,4.17,3.58,4.09,3.49,5.73,6.4,6.56,9.14,15.55,14.16,11.64,11.18,8.62,10.13,13.63,13.64,11.34,8.87,7.67,6.73,5.29,4.75,5.82,6.26,6.72,5.93,5.06,4.6,3.5,4.35,3.0,2.27,2.11,2.17,3.06,3.19,2.48,2.18,2.26,2.47,2.6,2.48,4.11,1.1,1.81,3.37,2.53,1.45,0.62,0.34,0.44,1.82,1.93,1.74,0.73,2.82,8.24,5.68,
49,Pakistan,PAK,6.95,1.64,-0.52,1.46,4.18,5.57,7.23,6.81,0.17,3.19,5.35,4.73,5.18,23.07,26.66,20.9,7.16,10.13,6.14,8.27,11.94,11.88,5.9,6.36,6.09,5.61,3.51,4.68,8.84,7.84,9.05,11.79,9.51,9.97,12.37,12.34,10.37,11.38,6.23,4.14,4.37,3.15,3.29,2.91,7.44,9.06,7.92,7.6,20.29,13.65,12.94,11.92,9.68,7.69,7.19,2.53,3.77,4.09,5.08,10.58,9.74,9.5,19.87,30.77,
50,Panama,PAN,0.05,0.61,0.79,0.45,2.41,0.46,0.19,1.38,1.62,1.83,3.08,1.92,5.41,6.86,16.27,5.88,3.95,4.59,4.2,7.99,13.81,7.3,4.25,2.1,1.58,1.03,-0.07,1.0,0.36,0.21,0.77,1.26,1.82,0.45,1.27,0.99,1.26,1.32,0.56,1.25,1.5,0.31,1.01,0.39,0.47,2.86,2.46,4.17,8.76,2.41,3.49,5.88,5.7,4.03,2.63,0.14,0.74,0.88,0.76,-0.36,-1.55,1.63,2.86,1.49,
51,Peru,PER,8.66,5.92,6.64,6.07,9.79,16.39,8.84,9.78,19.09,6.24,5.03,6.79,7.22,9.49,16.89,23.62,33.48,38.05,57.85,66.69,59.15,75.43,64.45,111.15,110.21,163.4,77.92,85.82,667.02,3398.68,7481.66,409.53,73.53,48.58,23.74,11.13,11.54,8.56,7.25,3.47,3.76,1.98,0.19,2.26,3.66,1.62,2.0,1.78,5.79,2.94,1.53,3.37,3.61,2.77,3.41,3.4,3.56,2.99,1.51,2.25,2.0,4.27,8.33,6.46,
52,Philippines,PHL,4.15,1.6,5.8,5.63,8.18,2.56,5.4,6.25,2.36,1.96,14.38,21.4,8.2,16.58,34.16,6.76,9.2,9.9,7.33,17.53,18.2,13.08,10.22,10.03,50.34,23.1,1.15,4.07,13.86,12.24,12.18,19.26,8.65,6.72,10.39,6.83,7.48,5.59,9.23,5.94,3.98,5.35,2.72,2.29,4.83,6.52,5.49,2.9,8.26,4.22,3.79,4.72,3.03,2.58,3.6,0.67,1.25,2.85,5.31,2.39,2.39,3.93,5.82,5.98,
53,Portugal,PRT,3.05,1.55,2.66,2.02,3.44,3.42,5.04,5.53,6.08,8.78,6.38,11.95,10.66,12.97,25.08,15.27,21.14,31.02,21.04,21.9,15.87,19.04,21.68,24.0,28.38,19.46,12.33,9.63,10.1,12.69,13.63,11.85,9.56,6.78,5.42,4.22,3.07,2.34,2.57,2.34,2.85,4.37,3.6,3.22,2.37,2.28,3.11,2.45,2.59,-0.84,1.4,3.65,2.77,0.27,-0.28,0.49,0.61,1.37,0.99,0.34,-0.01,1.27,7.83,4.31,
54,Paraguay,PRY,8.18,18.49,1.42,2.1,1.37,3.86,2.87,1.37,0.71,2.25,-0.86,4.95,9.18,12.8,25.23,6.69,4.47,9.36,10.66,28.16,22.45,12.97,5.12,13.43,20.31,25.21,31.74,21.81,22.59,26.42,37.26,24.23,15.19,18.21,20.57,13.43,9.8,6.95,11.55,6.75,8.98,7.27,10.51,14.24,4.32,6.81,9.59,8.13,10.15,2.59,4.65,8.25,3.68,2.68,5.03,3.13,4.09,3.6,3.98,2.76,1.77,4.79,9.77,4.63,
55,Post-demographic dividend,PST,1.54,2.08,3.52,2.87,3.33,3.67,3.84,3.63,3.72,3.28,4.97,6.14,6.06,8.09,13.16,11.69,9.27,9.3,8.08,9.05,11.95,11.77,9.47,7.31,6.19,4.77,3.16,4.07,4.69,5.72,6.1,5.63,4.04,4.14,2.95,3.75,2.62,2.2,1.83,1.61,2.58,2.66,2.0,2.02,2.08,2.38,2.46,2.33,4.15,0.84,2.0,3.33,2.49,1.42,0.94,0.41,0.63,1.76,1.79,1.63,0.64,2.52,7.83,5.09,
56,El Salvador,SLV,-0.04,-2.68,0.1,1.57,1.76,0.46,-1.19,1.47,2.54,-0.19,2.82,0.45,1.54,6.39,16.9,19.09,7.03,11.82,13.28,14.06,17.37,14.8,11.73,13.31,11.51,22.33,31.94,24.86,19.76,17.63,24.0,14.4,11.21,18.51,10.59,10.03,9.79,4.49,2.55,0.51,2.27,3.75,1.87,2.12,4.45,4.69,4.04,4.58,6.71,1.06,1.18,5.13,1.73,0.76,1.14,-0.73,0.6,1.01,1.09,0.08,-0.37,3.47,7.2,4.05,
57,Sweden,SWE,4.14,2.16,4.77,2.87,3.39,5.01,6.4,4.29,1.94,2.69,7.02,7.4,6.01,6.72,9.91,9.78,10.25,11.44,10.0,7.21,13.71,12.1,8.59,8.87,8.04,7.37,4.24,4.19,5.82,6.44,10.37,9.44,2.37,4.73,2.16,2.46,0.53,0.66,-0.27,0.46,0.9,2.41,2.16,1.93,0.37,0.45,1.36,2.21,3.44,-0.49,1.16,2.96,0.89,-0.04,-0.18,-0.05,0.98,1.79,1.95,1.78,0.5,2.16,8.37,8.55,
58,Latin America & the Caribbean (IDA & IBRD countries),TLA,2.08,2.43,2.1,2.93,3.32,2.63,3.48,2.58,4.03,2.53,4.3,4.95,6.51,13.8,23.78,16.88,9.93,11.19,10.36,14.78,18.06,14.19,8.4,10.91,11.73,16.87,13.47,12.94,9.55,12.88,21.85,22.22,11.64,10.79,10.72,11.13,9.79,7.15,5.27,3.49,4.76,5.31,4.24,4.55,4.45,4.7,4.29,5.54,8.4,2.76,3.8,5.46,4.14,2.74,3.43,2.92,2.54,2.82,2.3,2.09,1.38,3.88,7.84,4.63,
59,Trinidad and Tobago,TTO,2.08,1.52,2.98,3.76,0.86,1.78,4.09,2.14,8.23,2.44,2.52,3.53,9.3,14.81,22.02,16.98,10.69,11.74,10.26,14.72,17.47,14.33,11.63,15.17,13.33,7.62,7.69,10.75,7.76,11.43,11.06,3.78,6.44,10.84,8.81,5.18,3.4,3.63,5.61,3.44,3.56,5.54,4.15,3.81,3.72,6.87,8.33,7.89,12.03,6.98,10.55,5.11,9.26,5.2,5.68,4.66,3.07,1.88,1.02,1.0,0.6,2.06,5.83,4.63,
60,Turkiye,TUR,5.66,3.17,3.89,6.36,1.12,4.56,8.47,13.97,6.05,4.92,7.92,19.01,15.42,13.94,23.9,21.23,17.46,25.99,61.9,63.54,94.26,37.61,29.14,31.39,48.39,44.96,34.61,38.86,68.81,63.27,60.3,65.98,70.08,66.09,105.21,89.11,80.41,85.67,84.64,64.87,54.92,54.4,44.96,21.6,8.6,8.18,9.6,8.76,10.44,6.25,8.57,6.47,8.89,7.49,8.85,7.67,7.78,11.14,16.33,15.18,12.28,19.6,72.31,53.86,
61,Uruguay,URY,38.5,22.75,10.91,21.25,42.37,56.56,73.46,89.28,125.34,20.97,16.31,23.95,76.48,97.0,77.21,81.41,50.62,58.2,44.55,66.84,63.48,34.05,18.99,49.2,55.3,72.22,76.38,63.57,62.19,80.45,112.53,101.97,68.46,54.1,44.74,42.25,28.34,19.82,10.81,5.66,4.76,4.36,13.97,19.38,9.16,4.7,6.4,8.11,7.88,7.06,6.7,8.09,8.1,8.58,8.88,8.67,9.64,6.22,7.61,7.88,9.76,7.75,9.1,5.87,
62,United States,USA,1.46,1.07,1.2,1.24,1.28,1.59,3.02,2.77,4.27,5.46,5.84,4.29,3.27,6.18,11.05,9.14,5.74,6.5,7.63,11.25,13.55,10.33,6.13,3.21,4.3,3.55,1.9,3.66,4.08,4.83,5.4,4.23,3.03,2.95,2.61,2.81,2.93,2.34,1.55,2.19,3.38,2.83,1.59,2.27,2.68,3.39,3.23,2.85,3.84,-0.36,1.64,3.16,2.07,1.46,1.62,0.12,1.26,2.13,2.44,1.81,1.23,4.7,8.0,4.12,
63,South Africa,ZAF,1.29,2.1,1.25,1.34,2.53,4.07,3.49,3.54,1.99,3.24,4.99,5.96,6.43,9.43,11.72,13.43,11.02,11.15,11.14,13.29,13.66,15.25,14.64,12.3,11.53,16.29,18.65,16.16,12.78,14.73,14.32,15.33,13.87,9.72,8.94,8.68,7.35,8.6,6.88,5.18,5.34,5.7,9.49,5.68,-0.69,2.06,3.24,6.18,10.07,7.22,4.09,5.0,5.72,5.78,6.13,4.54,6.57,5.18,4.52,4.12,3.21,4.61,7.04,6.07,
64,Cote d'Ivoire,CIV,,11.62,-1.34,0.94,0.62,2.61,4.19,2.29,5.35,4.45,8.21,-0.44,0.31,11.1,17.36,11.44,12.08,27.42,13.24,16.34,14.7,8.8,7.58,5.64,4.28,1.86,9.68,6.94,6.93,1.05,-0.81,1.68,4.23,2.16,26.08,14.3,2.48,4.02,4.61,0.7,2.53,4.36,3.08,3.3,1.46,3.89,2.47,1.89,6.31,1.02,1.23,4.91,1.3,2.58,0.45,1.25,0.72,0.69,0.36,-1.11,2.43,4.09,5.28,4.39,
65,Sudan,SDN,0.09,8.76,1.66,4.69,3.95,-2.45,1.71,11.01,-10.03,12.61,4.03,1.3,13.55,15.29,26.16,23.96,1.67,17.08,19.23,31.14,25.35,24.58,25.71,30.59,34.15,45.41,24.45,20.56,64.7,66.72,65.16,123.58,117.62,101.38,115.4,68.38,132.82,47.17,24.62,17.17,7.12,1.94,22.22,6.49,9.66,8.51,7.2,14.75,14.3,11.26,12.98,18.1,35.56,36.52,36.91,16.91,17.75,32.35,63.29,50.99,163.26,359.09,138.81,,
66,Singapore,SGP,,0.4,0.42,2.21,1.73,0.18,2.01,3.34,0.66,-0.27,0.46,1.76,2.08,19.64,22.37,2.54,-1.84,3.16,4.87,4.08,8.53,8.18,3.92,1.2,2.6,0.48,-1.39,0.52,1.52,2.35,3.46,3.43,2.26,2.29,3.1,1.72,1.38,2.0,-0.27,0.02,1.36,1.0,-0.39,0.51,1.66,0.43,0.96,2.1,6.63,0.6,2.82,5.25,4.58,2.36,1.03,-0.52,-0.53,0.58,0.44,0.57,-0.18,2.3,6.12,4.82,
67,Thailand,THA,-0.77,7.39,3.7,,-0.79,0.17,4.04,4.31,1.79,2.45,-0.09,0.48,4.84,15.51,24.31,5.33,4.15,7.6,7.92,9.9,19.7,12.66,5.26,3.73,0.86,2.43,1.84,2.47,3.86,5.36,5.86,5.71,4.14,3.31,5.05,5.82,5.81,5.63,7.99,0.28,1.59,1.63,0.7,1.8,2.76,4.54,4.64,2.24,5.47,-0.85,3.25,3.81,3.01,2.18,1.9,-0.9,0.19,0.67,1.06,0.71,-0.85,1.23,6.08,1.23,
68,"Gambia, The",GMB,,,1.79,4.62,-4.54,1.22,0.24,1.41,4.18,5.01,-1.99,3.06,8.7,6.92,9.24,25.92,17.03,12.39,8.86,6.13,6.82,5.94,10.86,10.64,22.1,18.32,56.56,23.53,11.69,8.28,12.17,8.64,9.49,6.46,1.71,6.98,1.1,2.78,1.11,3.81,0.84,4.49,8.61,17.03,14.21,4.84,2.06,5.37,4.44,4.56,5.05,4.8,4.25,5.7,5.95,6.81,7.23,8.03,6.52,7.12,5.93,7.37,11.51,16.97,
69,Samoa,WSM,,,2.65,0.69,5.31,2.11,2.87,-0.52,1.71,4.13,2.74,4.77,7.51,11.76,24.99,8.79,4.9,14.61,2.06,11.12,33.05,20.51,18.3,16.46,11.86,9.09,5.73,4.57,8.51,6.46,15.24,-1.82,9.03,1.72,12.08,-2.9,5.37,6.86,2.22,0.27,0.97,3.84,8.05,0.12,16.31,1.86,3.7,5.58,11.57,6.32,0.78,5.24,2.05,0.61,-0.41,0.72,1.3,1.75,4.2,0.98,-1.57,3.13,10.96,8.12,
70,Gabon,GAB,,,,7.16,3.33,2.44,3.64,1.98,2.34,2.98,3.81,3.86,3.49,6.21,12.07,28.45,20.17,13.85,10.76,7.95,12.34,8.71,16.69,10.67,5.86,7.35,6.29,-0.95,-8.78,6.74,7.73,-11.69,-9.54,0.53,36.12,9.65,0.69,3.97,1.45,-1.94,0.5,2.14,0.04,2.24,0.41,3.71,-1.41,5.03,5.26,1.89,1.46,1.26,2.65,0.51,4.69,-0.34,2.11,2.65,4.75,2.46,1.35,1.09,4.23,3.63,
71,Suriname,SUR,2.86,1.71,2.1,2.06,4.23,1.93,4.74,10.69,0.16,11.27,2.59,0.22,3.23,12.94,16.88,8.45,10.07,9.73,8.82,14.84,14.11,8.79,7.28,4.41,3.69,10.87,18.69,53.39,7.31,0.77,21.74,25.97,43.67,143.51,368.48,235.56,-0.7,7.15,18.98,98.77,59.4,38.59,15.53,23.0,9.99,9.9,11.28,6.43,14.67,-0.13,6.94,17.71,5.01,1.92,3.38,6.89,55.41,22.0,,,34.89,59.12,52.45,,
72,Myanmar,MMR,7.39,-0.15,-1.61,-2.68,-0.46,17.69,25.49,0.83,2.38,-4.34,-4.01,2.09,7.64,25.2,25.21,31.66,22.38,-1.16,-6.04,5.67,0.61,0.32,5.3,5.65,4.85,6.81,9.33,24.76,16.04,27.2,17.63,32.27,21.91,31.83,24.1,25.19,16.28,29.7,51.49,18.4,-0.11,21.1,57.07,36.59,4.53,9.37,20.0,35.02,26.8,1.47,7.72,5.02,1.47,5.64,4.95,9.45,6.93,4.57,6.87,8.83,,,,,
73,Mauritius,MUS,,,,,1.9,1.79,2.5,1.88,6.98,2.32,1.54,0.32,5.4,13.45,29.12,14.74,12.96,9.17,8.55,14.47,42.0,14.46,11.42,5.59,7.39,6.7,1.63,0.52,9.16,12.67,13.49,7.0,4.64,10.52,7.32,6.03,6.55,6.83,6.81,6.91,4.2,5.39,6.42,3.92,4.71,4.94,8.91,8.83,9.73,2.52,2.93,6.52,3.85,3.54,3.22,1.29,0.98,3.67,3.22,0.41,2.58,4.03,10.77,7.05,
74,Niger,NER,,,,,1.0,4.37,10.57,0.43,-2.92,10.65,1.12,4.19,9.75,11.79,3.4,9.12,23.53,23.25,10.09,7.27,10.31,22.91,11.64,-2.49,8.36,-0.92,-3.21,-6.71,-1.39,-2.84,-0.78,-7.8,-4.48,-1.22,36.04,10.56,5.29,2.93,4.55,-2.3,2.9,4.01,2.63,-1.61,0.26,7.8,0.04,0.05,11.31,0.58,0.8,2.94,0.46,2.3,-0.93,-0.58,1.65,2.8,2.97,-2.49,2.9,3.84,4.23,3.7,
75,Saudi Arabia,SAU,,,,,2.8,0.39,1.55,2.1,1.59,3.5,0.18,4.47,4.33,16.51,21.44,34.58,31.56,11.4,-1.58,1.08,4.17,2.8,1.02,0.19,-1.56,-3.06,-3.2,-1.55,0.91,1.03,2.08,4.86,-0.08,1.06,0.56,4.87,1.22,0.06,-0.37,-1.33,-1.12,-1.12,0.25,0.61,0.52,0.48,2.21,4.17,9.87,5.06,5.34,5.83,2.87,3.53,2.24,1.21,2.07,-0.84,2.46,-2.09,3.45,3.06,2.47,2.33,
76,Ghana,GHA,,,,,,26.44,13.24,-8.42,7.89,7.32,3.03,9.56,10.07,17.68,18.13,29.82,56.08,116.45,73.09,54.44,50.07,116.5,22.3,122.87,39.67,10.31,24.57,39.82,31.36,25.22,37.26,18.03,10.06,24.96,24.87,59.46,46.56,27.89,14.62,4.87,40.24,41.51,9.36,29.77,18.04,15.44,11.68,10.73,16.49,19.25,10.73,8.73,11.19,11.67,15.49,17.15,17.45,12.37,7.81,7.14,9.89,9.97,31.26,38.11,
77,Libya,LBY,,,,,,11.42,12.24,7.3,0.39,9.79,-5.3,-3.1,-0.25,7.97,7.46,9.12,5.48,6.28,29.38,-6.04,9.73,11.2,10.26,10.61,12.48,9.14,3.29,4.36,6.09,1.51,8.45,11.9,9.36,11.07,5.11,7.24,4.03,3.55,3.71,2.65,-2.9,-8.81,-9.8,-2.19,-2.2,2.65,1.46,6.25,10.36,2.46,2.8,15.52,6.06,2.61,2.43,10.4,25.85,25.8,13.17,-2.16,1.45,2.87,4.51,2.37,
78,Madagascar,MDG,,,,,,4.2,3.21,0.82,0.96,3.83,2.88,5.39,5.62,6.12,22.1,8.19,4.99,3.11,6.53,14.06,18.22,30.54,31.79,19.33,9.86,10.56,14.5,14.99,26.85,9.01,11.78,8.59,14.51,10.01,38.94,49.08,19.76,4.49,6.21,9.93,11.86,7.92,16.5,-1.7,13.96,18.36,10.77,10.29,9.3,8.95,9.25,9.48,5.71,5.83,6.08,7.4,6.04,8.61,8.59,5.61,4.2,5.81,8.16,9.87,
79,Nepal,NPL,,,,,,8.47,14.39,-2.81,1.18,4.06,15.24,-2.0,8.39,11.43,19.81,7.59,-3.11,9.9,7.35,3.57,14.68,11.14,11.7,12.38,2.85,8.05,19.0,10.75,8.98,8.85,8.24,15.56,17.15,7.51,8.35,7.62,9.22,4.01,11.24,7.45,2.48,2.69,3.03,5.71,2.84,6.84,6.92,2.27,9.91,11.09,9.33,9.23,9.46,9.04,8.36,7.87,8.79,3.63,4.06,5.57,5.05,4.15,7.65,7.11,
80,South Asia,SAS,,,,,,7.02,9.01,4.5,2.21,3.62,5.61,2.87,6.4,14.19,23.23,7.11,-0.89,9.1,6.74,7.27,13.31,11.88,9.85,12.38,7.04,5.56,9.23,8.8,8.98,7.84,8.97,12.28,11.79,9.97,8.35,9.49,8.98,7.16,9.36,4.69,4.01,3.15,3.33,3.81,4.11,6.94,6.77,7.2,10.97,4.98,7.58,10.25,9.47,7.61,6.83,4.16,4.17,4.52,3.33,3.63,5.69,5.55,7.65,8.5,
81,Middle East & North Africa (IDA & IBRD countries),TMN,,,,,,2.82,2.89,2.44,0.56,3.5,4.06,3.88,3.71,7.07,12.14,9.59,10.79,12.29,10.4,9.9,11.58,11.85,10.39,6.17,9.23,7.73,15.26,7.44,6.91,10.35,12.32,14.51,12.32,12.66,11.74,11.86,6.84,3.6,3.79,2.67,2.29,2.27,2.72,4.27,3.96,3.49,6.25,4.74,12.66,3.29,3.97,5.02,6.34,4.82,2.9,3.0,3.18,4.82,5.27,2.48,2.1,5.46,7.48,9.32,
82,South Asia (IDA & IBRD),TSA,,,,,,7.02,9.01,4.5,2.21,3.62,5.61,2.87,6.4,14.19,23.23,7.11,-0.89,9.1,6.74,7.27,13.31,11.88,9.85,12.38,7.04,5.56,9.23,8.8,8.98,7.84,8.97,12.28,11.79,9.97,8.35,9.49,8.98,7.16,9.36,4.69,4.01,3.15,3.33,3.81,4.11,6.94,6.77,7.2,10.97,4.98,7.58,10.25,9.47,7.61,6.83,4.16,4.17,4.52,3.33,3.63,5.69,5.55,7.65,8.5,
83,Burundi,BDI,,,,,,,4.44,-1.09,6.06,4.02,-0.2,3.85,3.83,6.01,15.72,15.71,6.86,6.83,23.9,36.54,2.5,12.17,5.87,8.15,14.32,3.8,1.68,7.11,4.49,11.66,7.0,9.0,1.82,9.68,14.85,19.26,26.44,31.11,12.5,3.39,24.43,9.3,-1.37,10.65,8.18,13.25,2.75,8.41,24.41,10.56,6.49,9.59,18.16,7.94,4.41,5.54,5.56,16.05,-2.81,-0.69,7.32,8.4,18.8,26.94,
84,Bahrain,BHR,,,,,,,2.13,4.26,3.26,-0.19,1.63,5.79,5.09,14.33,24.39,16.16,22.5,17.73,15.79,2.21,3.87,11.34,8.89,2.97,0.32,-2.64,-2.3,-1.75,0.3,1.49,0.93,0.76,-0.17,2.54,0.82,2.7,-0.45,2.43,-0.37,-1.29,-0.7,-1.21,-0.5,1.59,2.35,2.59,2.01,3.26,3.53,2.8,1.96,-0.4,2.76,3.3,2.65,1.85,2.79,1.39,2.09,1.01,-2.32,-0.61,3.63,0.07,
85,Early-demographic dividend,EAR,,,,,,,4.48,1.98,2.08,2.98,3.81,4.2,6.07,12.08,19.07,12.88,10.12,12.16,9.31,11.54,14.68,12.41,10.22,10.24,8.5,9.35,10.44,9.75,8.98,9.08,11.91,15.05,10.53,9.97,9.59,10.02,8.52,7.02,6.42,5.02,3.9,3.75,4.24,5.45,4.44,4.82,5.69,6.18,10.45,4.37,4.4,5.81,5.02,4.82,4.02,3.1,3.37,3.47,3.98,2.76,2.95,4.04,7.2,5.88,
86,Ethiopia,ETH,,,,,,,-1.36,0.81,0.18,1.43,10.12,0.54,-6.08,8.91,8.59,6.55,28.54,16.66,14.31,16.03,4.48,6.14,5.89,-0.68,8.42,19.06,-9.81,-2.43,7.08,7.82,5.15,35.72,10.53,3.54,7.59,10.02,-8.48,2.4,0.89,7.94,0.66,-8.24,0.68,13.67,3.33,9.97,12.3,17.24,44.36,8.48,8.15,33.25,23.6,7.46,6.89,9.57,6.63,10.69,13.83,15.81,20.36,26.84,33.89,30.22,
87,St. Lucia,LCA,,,,,,,2.48,3.21,3.97,2.25,13.4,8.39,7.88,13.44,34.22,17.74,9.67,8.87,10.88,9.39,19.48,15.12,4.61,1.47,1.21,1.42,2.19,7.02,0.83,4.37,4.27,6.15,5.14,0.85,2.82,5.63,0.92,-0.01,3.2,3.5,3.71,5.31,-0.26,1.03,1.46,3.9,2.4,2.82,5.55,-0.16,3.25,2.77,4.18,1.47,3.52,-0.98,-3.08,0.1,1.94,0.54,-1.76,2.41,6.38,4.07,
88,Tanzania,TZA,,,,,,,9.78,12.19,15.6,16.42,3.49,4.78,7.64,10.4,19.6,26.06,6.86,11.6,6.58,12.95,30.2,25.65,28.93,27.06,36.15,33.28,32.43,29.95,31.19,25.85,35.83,28.7,21.85,25.28,34.08,27.43,20.98,16.09,12.8,7.89,5.92,5.15,5.32,5.3,4.74,5.03,7.25,7.03,10.28,12.14,6.2,12.69,16.0,7.87,6.13,5.59,5.17,5.32,3.49,3.46,3.29,3.69,4.35,3.8,
89,"Bahamas, The",BHS,,,,,,,,5.44,4.54,8.94,6.15,4.61,6.83,5.48,13.07,10.36,4.26,3.19,6.11,9.09,12.1,11.11,6.01,4.0,3.97,4.61,5.43,5.76,4.4,5.39,4.67,7.11,5.74,2.72,1.4,2.07,1.38,0.54,1.34,1.25,1.61,2.04,2.17,3.03,0.98,1.59,2.39,2.49,4.49,2.06,1.34,3.2,1.97,0.72,1.51,1.86,-0.35,1.52,2.27,2.49,0.04,2.9,5.61,3.05,
90,Latin America & Caribbean,LCN,,,,,,,,3.02,4.09,2.63,4.65,4.78,6.67,13.62,23.24,16.77,9.79,10.69,10.31,14.72,17.92,14.05,7.81,10.24,11.51,12.96,9.76,11.54,8.01,11.41,21.51,21.62,10.63,10.26,9.7,10.19,7.36,6.95,5.11,3.45,4.61,4.06,3.95,3.73,4.38,4.44,4.25,4.58,8.11,2.5,3.49,4.98,3.78,2.53,3.38,1.86,1.65,2.19,2.32,2.25,0.99,3.5,7.78,4.63,
91,Togo,TGO,,,,,,,,-2.32,0.3,6.02,4.48,6.49,7.73,3.62,12.83,18.01,11.64,22.46,0.44,7.54,12.31,19.72,11.13,9.36,-3.53,-1.81,4.12,0.05,-0.15,-0.84,1.02,0.39,1.39,-1.01,39.16,16.43,4.69,8.25,0.98,-0.05,1.86,3.92,3.06,-0.93,0.39,6.78,2.23,0.95,8.69,3.71,1.45,3.56,2.58,1.83,0.19,2.59,1.29,-0.98,0.93,0.67,1.7,4.19,7.97,,
92,Cameroon,CMR,,,,,,,,,,-1.1,5.86,4.01,8.09,10.38,17.23,13.55,9.93,14.7,12.46,6.58,9.55,10.73,13.26,16.63,11.37,8.51,7.77,13.14,1.68,-1.67,1.1,0.06,-0.02,-3.21,35.09,9.07,3.92,4.79,3.17,1.87,1.23,4.42,2.83,0.62,0.23,2.01,5.12,0.92,5.34,3.04,1.28,2.94,2.74,2.05,1.85,2.68,0.87,0.64,1.07,2.45,2.44,2.27,6.25,7.38,
93,Dominica,DMA,,,,,,,,0.95,5.37,4.22,12.39,3.64,3.69,12.1,34.38,19.9,10.9,9.5,7.71,,,13.27,4.39,4.15,2.22,3.74,2.77,4.02,2.92,6.22,3.19,5.56,5.47,1.57,0.02,1.32,1.68,2.44,1.0,1.18,0.86,1.3,0.17,1.45,2.39,1.68,2.2,3.63,6.36,0.01,3.0,1.13,1.36,-0.05,0.8,-0.84,0.14,0.3,0.99,1.5,-0.73,1.48,7.78,3.48,
94,Rwanda,RWA,,,,,,,,1.45,3.16,0.48,0.51,0.49,3.09,9.37,31.09,30.23,7.17,13.66,13.27,15.67,7.25,6.45,12.57,6.59,5.37,1.76,-1.12,4.13,2.98,1.01,4.19,19.64,9.56,12.35,,,7.41,12.02,6.21,-2.41,3.9,3.34,1.99,7.45,12.25,9.01,8.88,9.08,15.44,12.94,-0.25,3.08,10.27,5.92,2.35,2.53,7.17,8.28,-0.31,3.35,9.85,-0.39,17.69,19.79,
95,Senegal,SEN,,,,,,,,,0.06,4.02,2.81,3.88,6.15,11.29,16.6,31.65,1.08,11.34,3.42,9.65,8.73,5.91,17.38,11.62,11.78,13.0,6.18,-4.14,-1.83,0.45,0.33,-1.75,-0.11,-0.59,32.29,7.86,2.75,1.75,1.16,0.83,0.73,2.97,2.34,-0.05,0.51,1.71,2.11,5.85,7.35,-2.25,1.23,3.4,1.42,0.71,-1.09,0.14,0.84,1.32,0.46,1.76,2.54,2.18,9.7,,
96,Barbados,BRB,,,,,,,,3.63,7.49,5.84,7.28,7.47,11.88,16.86,38.92,20.29,4.99,8.35,9.48,13.17,14.43,14.57,10.33,5.23,4.69,3.92,1.33,3.31,4.86,6.19,3.07,6.26,6.09,1.11,0.08,1.88,2.39,7.71,-1.27,1.56,2.44,2.58,0.13,1.62,1.39,6.08,7.31,4.03,8.11,3.64,5.82,9.43,4.53,1.81,1.77,-1.11,1.28,4.66,3.67,4.1,,,,9.79,
97,Algeria,DZA,,,,,,,,,,,6.6,2.63,3.66,6.17,4.7,8.23,9.43,11.99,17.52,11.35,9.52,14.65,6.54,5.97,8.12,10.48,12.37,7.44,5.91,9.3,16.65,25.89,31.67,20.54,29.05,29.78,18.68,5.73,4.95,2.65,0.34,4.23,1.42,4.27,3.96,1.38,2.31,3.68,4.86,5.74,3.91,4.52,8.89,3.25,2.92,4.78,6.4,5.59,4.27,1.95,2.42,7.23,9.27,9.32,
98,Middle East & North Africa,MEA,,,,,,,,,,,3.74,4.18,4.05,8.27,14.25,9.67,11.26,11.99,9.72,7.74,10.42,11.27,8.33,5.49,8.12,4.39,7.45,4.09,6.0,5.54,8.04,9.03,7.59,8.05,5.13,6.74,4.47,3.55,3.13,2.65,1.81,1.75,1.83,1.98,3.12,3.1,3.48,4.17,11.27,2.92,3.75,4.52,3.73,2.96,2.39,1.56,2.07,1.59,2.09,1.01,0.71,2.3,4.99,4.23,
99,Middle East & North Africa (excluding high income),MNA,,,,,,,,,,,4.06,3.88,3.71,7.07,12.14,9.59,10.79,12.29,10.4,9.9,11.58,11.85,10.39,6.17,9.23,7.73,15.26,7.44,6.91,10.35,12.32,14.51,12.32,12.66,11.74,11.86,6.84,3.65,3.87,2.69,2.68,2.13,2.73,4.34,3.8,3.8,5.05,4.33,12.31,2.92,3.95,4.97,6.09,4.04,2.67,1.56,2.74,4.32,4.46,1.95,1.78,5.21,6.66,7.71,
100,Eswatini,SWZ,,,,,,,3.18,1.82,3.45,3.21,1.85,2.32,2.37,11.54,19.29,12.05,6.53,20.81,8.52,16.45,18.68,20.06,10.81,11.57,12.94,20.46,13.74,13.38,20.39,7.55,13.09,8.93,7.56,12.02,13.77,12.29,6.43,7.13,8.11,6.09,12.21,5.94,12.02,7.29,3.45,4.77,5.3,8.08,12.66,7.45,4.51,6.11,8.94,5.62,5.68,4.95,7.85,6.22,4.82,2.6,,,,,
101,Chile,CHL,,,,,,,,,,,,20.05,77.8,352.81,504.74,374.74,211.92,91.95,40.09,33.39,35.14,19.69,9.94,27.26,19.86,30.7,19.48,19.88,14.68,17.03,26.04,21.78,15.43,12.73,11.44,8.23,7.36,6.13,5.11,3.34,3.84,3.57,2.49,2.81,1.05,3.05,3.39,4.41,8.72,0.35,1.41,3.34,3.01,1.79,4.72,4.35,3.79,2.18,2.43,2.56,3.05,4.52,11.64,7.58,
102,"Congo, Dem. Rep.",COD,,,,,35.42,-2.73,15.78,36.93,53.32,6.18,8.03,5.78,15.8,15.64,29.47,28.66,80.39,68.95,48.77,101.05,46.63,35.41,36.7,76.53,52.23,23.82,44.4,78.67,71.09,104.07,81.3,2154.44,4129.17,1986.9,23773.13,541.91,492.44,198.52,29.15,284.89,513.91,359.94,31.52,12.87,3.99,21.32,13.05,16.95,17.3,2.8,7.1,15.32,9.72,0.81,1.24,0.74,2.89,,,,,,,,
103,Fiji,FJI,,,,,,,,,,,4.12,9.14,21.98,11.09,14.5,13.06,11.43,7.01,6.11,7.81,14.49,11.18,7.03,6.7,5.29,4.42,1.8,5.66,11.76,6.19,8.19,6.5,4.88,5.21,0.82,2.17,3.05,3.37,5.71,1.97,1.09,4.27,0.76,4.17,2.83,2.37,2.49,4.8,7.73,3.13,3.69,7.28,3.42,2.91,0.52,1.37,3.86,3.35,4.08,1.77,-2.6,0.16,4.52,,
104,IBRD only,IBD,,,,,,,,,,,,3.86,6.4,12.94,22.02,13.29,10.25,11.78,10.31,13.17,17.42,14.05,10.53,11.8,12.2,11.19,12.1,10.28,10.11,13.5,16.42,19.75,13.76,14.47,22.85,15.74,9.94,7.44,7.47,5.18,4.76,5.41,4.22,4.27,4.71,4.94,5.8,5.54,9.73,3.66,4.16,5.67,4.39,3.9,3.5,3.26,2.24,3.33,3.23,2.58,2.47,4.27,8.96,6.07,
105,Jordan,JOR,,,,,,,,,,,5.9,4.82,7.66,11.13,19.43,11.98,11.5,14.57,6.92,14.25,11.11,7.7,7.43,5.02,3.85,2.99,,-0.2,6.61,25.71,16.19,8.16,4.0,3.32,3.52,2.35,6.5,3.04,3.09,0.61,0.67,1.77,1.83,1.63,3.36,3.49,6.25,4.74,13.97,-0.74,4.85,4.16,4.52,4.82,2.9,-0.88,-0.78,3.32,4.46,0.76,0.33,1.35,4.23,2.08,
106,Poland,POL,,,,,,,,,,,,1.1,-0.1,2.48,7.05,2.26,4.41,4.9,8.1,7.03,9.68,19.13,103.56,25.53,15.4,11.52,16.55,26.38,58.72,244.55,567.88,76.77,46.1,36.96,32.99,27.95,19.79,14.91,11.6,7.15,9.9,5.41,1.91,0.68,3.38,2.18,1.28,2.46,4.16,3.8,2.58,4.24,3.56,0.99,0.05,-0.87,-0.66,2.08,1.81,2.23,3.37,5.06,14.43,11.53,
107,Syrian Arab Republic,SYR,5.12,1.96,-3.85,1.92,5.4,-3.88,3.79,6.45,2.85,-1.99,4.64,5.61,2.1,20.36,15.53,11.46,11.43,11.97,4.81,4.55,19.3,18.39,14.3,6.13,9.23,17.25,36.06,59.48,34.56,11.4,19.4,9.0,11.01,13.22,15.33,7.98,8.25,1.89,-0.8,-3.7,-3.85,3.0,-0.13,5.8,4.43,7.24,10.02,3.91,15.75,2.92,4.4,4.75,36.7,,,,,,,,,,,,
108,IDA blend,IDB,,,,,,,,,,,,,5.83,11.09,19.29,15.65,10.42,10.19,8.52,8.83,14.18,12.31,7.13,6.53,6.09,5.39,3.14,4.35,4.04,5.07,7.16,6.32,4.6,4.95,3.61,6.99,5.96,3.96,4.39,3.82,2.62,3.96,2.4,2.32,2.83,3.09,4.25,4.41,8.03,3.04,3.34,4.44,4.18,2.91,1.2,1.37,1.65,1.15,2.32,2.21,1.8,2.41,6.38,4.39,
109,Papua New Guinea,PNG,,,,,,,,,,,,,6.07,8.34,23.17,10.49,7.66,4.53,5.8,5.77,12.06,8.05,5.54,7.9,7.42,3.71,5.45,3.34,5.45,4.48,6.95,6.97,4.31,4.97,2.85,17.28,11.62,3.96,13.57,14.93,15.6,9.3,11.8,14.71,2.16,1.78,2.37,0.91,10.76,6.92,6.01,4.44,4.54,4.96,5.22,6.0,6.67,5.42,4.37,3.93,4.87,4.48,5.25,2.3,
110,Solomon Islands,SLB,,,,,,,,,,,,,6.88,3.23,18.85,10.07,4.26,8.62,6.26,8.06,13.09,16.4,12.98,6.23,11.05,9.57,13.57,10.99,16.74,14.93,8.74,15.05,10.75,9.17,13.26,9.63,11.77,8.08,12.4,8.02,7.89,6.93,10.93,8.27,6.99,7.33,11.22,7.67,17.32,7.09,1.05,7.34,5.91,5.39,5.17,-0.57,0.51,0.49,3.46,1.63,2.96,-0.12,5.52,5.89,
111,Hungary,HUN,,,,,,,,,,,,,,3.39,1.8,3.84,5.23,3.91,4.69,8.98,9.29,4.66,6.84,7.28,8.47,6.94,5.29,8.67,15.72,17.15,28.37,34.82,23.66,22.46,18.87,28.31,23.47,18.31,14.15,10.0,9.8,9.12,5.27,4.66,6.74,3.56,3.93,7.96,6.04,4.21,4.86,3.93,5.65,1.73,-0.23,-0.06,0.39,2.35,2.85,3.34,3.33,5.11,14.61,17.12,
112,Iraq,IRQ,3.48,0.92,1.29,3.95,-0.09,-0.46,1.98,3.29,2.2,5.74,4.36,3.6,5.19,4.89,7.7,9.52,12.82,9.17,4.61,,,,,,,,,,,,,180.95,83.62,207.69,448.5,387.31,-16.12,23.06,14.77,12.58,4.98,16.37,19.32,33.62,26.96,36.96,53.23,-10.07,12.66,6.87,2.88,5.8,6.09,1.88,2.24,1.39,0.56,0.18,0.37,-0.2,0.57,6.04,4.99,,
113,Kuwait,KWT,,,,,,,,,,,,,,8.27,12.99,8.39,5.24,9.89,8.69,7.05,6.93,7.37,7.78,4.72,1.18,1.49,0.95,0.65,1.47,3.34,9.83,9.06,-0.55,0.38,2.53,2.69,3.55,0.68,0.13,2.99,1.81,1.3,0.89,0.96,1.25,4.14,3.06,5.48,10.58,4.61,4.5,4.84,3.26,2.68,2.91,3.27,3.2,2.17,0.54,1.09,2.1,3.42,3.98,3.64,
114,Africa Eastern and Southern,AFE,,,,,,,,,,,,,,,19.6,15.22,11.22,14.24,12.53,15.07,15.07,14.46,12.14,11.57,10.98,13.01,13.89,12.56,12.52,12.56,12.46,17.68,16.17,13.14,14.85,12.29,9.71,10.25,7.5,7.82,8.6,5.84,8.76,7.45,5.02,8.56,8.9,8.45,12.57,8.95,5.54,8.97,9.16,5.75,5.37,5.25,6.57,6.4,4.72,4.65,7.32,6.82,10.88,7.4,
115,Arab World,ARB,,,,,,,,,,,,,,8.27,15.53,9.67,10.32,11.99,9.72,,9.63,10.76,8.33,5.49,8.12,7.25,7.43,4.22,5.91,7.74,8.45,9.0,9.36,9.37,5.11,6.54,4.68,3.6,3.42,2.67,1.85,1.77,1.83,2.71,3.63,3.49,3.54,4.74,11.27,2.92,3.91,4.75,4.61,3.24,2.65,1.83,2.37,2.07,2.76,1.05,1.61,2.97,5.0,3.64,
116,Seychelles,SYC,,,,,,,,,,,,14.6,20.94,18.24,24.42,18.61,14.87,14.96,11.78,12.48,13.57,10.58,-0.91,6.05,4.09,0.83,0.24,2.59,1.84,1.58,3.89,1.99,3.25,1.38,1.74,-0.24,-1.1,0.62,2.58,6.35,6.27,5.97,0.17,3.3,3.86,0.91,-0.35,5.32,36.96,31.75,-2.4,2.56,7.11,4.34,1.39,4.04,-1.02,2.86,3.7,2.07,8.28,,,,
117,Botswana,BWA,,,,,,,,,,,,,,,,11.97,11.73,13.17,9.04,11.74,13.63,16.43,11.14,10.48,8.58,8.09,10.0,9.8,8.35,11.58,11.4,11.77,16.17,14.33,10.54,10.51,10.08,8.72,6.66,7.75,8.6,6.56,8.03,9.19,6.95,8.61,11.56,7.08,12.7,8.03,6.95,8.46,7.54,5.88,4.4,3.06,2.81,3.31,3.24,2.77,1.89,7.24,11.67,5.07,
118,Caribbean small states,CSS,,,,,,,,,,,,,,,,14.05,9.87,9.5,8.82,14.01,17.21,12.74,6.84,4.41,3.38,3.74,1.33,3.31,3.14,5.17,4.01,5.56,5.14,1.79,1.44,2.48,2.06,1.84,2.17,1.56,2.18,2.58,2.04,2.15,2.31,3.48,2.74,3.86,6.39,0.01,3.25,3.2,2.41,1.06,1.09,-0.86,0.14,1.52,1.25,1.17,-0.29,2.24,6.2,3.81,
119,Sub-Saharan Africa,SSF,,,,,,,,,,,,,,,,18.31,11.54,14.89,11.46,13.67,13.6,12.29,12.1,11.48,11.12,9.41,6.86,7.63,8.35,8.05,7.54,8.93,9.49,9.52,27.45,11.43,7.19,7.65,6.44,4.36,4.5,5.15,4.71,5.68,4.14,6.43,6.54,6.79,10.38,5.01,4.03,5.37,6.58,4.89,4.4,3.55,5.43,5.2,4.09,2.8,3.84,4.26,9.53,7.09,
120,Sub-Saharan Africa (IDA & IBRD countries),TSS,,,,,,,,,,,,,,,,18.31,11.54,14.89,11.46,13.67,13.6,12.29,12.1,11.48,11.12,9.41,6.86,7.63,8.35,8.05,7.54,8.93,9.49,9.52,27.45,11.43,7.19,7.65,6.44,4.36,4.5,5.15,4.71,5.68,4.14,6.43,6.54,6.79,10.38,5.01,4.03,5.37,6.58,4.89,4.4,3.55,5.43,5.2,4.09,2.8,3.84,4.26,9.53,7.09,
121,Upper middle income,UMC,,,,,,,,,,,,,,,,14.29,10.81,11.19,10.66,11.74,18.04,14.25,9.85,10.54,9.52,10.67,10.92,9.28,9.16,11.39,11.4,14.56,11.21,14.47,22.57,13.43,9.8,7.15,6.88,5.18,4.98,6.28,5.3,5.13,4.71,4.69,4.42,5.84,9.73,2.94,3.91,5.68,3.78,2.78,3.18,2.55,2.12,3.4,3.05,2.1,1.91,4.06,8.49,5.03,
122,St. Vincent and the Grenadines,VCT,,,,,,,,,,,,,,,,6.8,11.29,10.19,8.43,15.61,17.21,12.74,7.23,5.46,2.7,2.14,1.03,3.31,0.23,2.83,7.61,5.49,3.46,4.29,1.01,1.74,4.41,0.44,2.14,1.01,0.17,0.9,1.86,0.21,2.96,3.73,2.74,7.24,10.07,0.42,0.75,3.19,2.6,0.81,0.19,-1.73,-0.15,2.15,2.32,0.91,-0.63,1.57,5.66,4.56,
123,Middle income,MIC,,,,,,,,,,,,,,,,,9.86,11.27,8.93,11.35,16.75,12.97,10.26,10.67,10.46,8.51,9.33,8.43,8.98,9.58,11.02,13.22,10.06,10.52,13.4,10.51,9.22,7.13,7.67,4.86,4.2,5.25,4.27,4.72,4.69,5.04,5.56,6.18,10.15,3.94,4.16,5.8,4.54,4.6,3.56,3.14,2.73,3.45,3.35,2.7,2.75,4.12,8.27,6.07,
124,Tonga,TON,,,,,,,,,,,,,,,,,7.11,17.54,9.58,5.46,22.39,14.9,10.84,9.81,0.11,16.76,21.67,4.69,9.92,4.07,9.71,10.6,7.94,0.96,1.01,1.46,3.0,2.12,3.27,4.46,6.33,8.29,10.36,11.64,10.97,8.67,6.15,5.84,10.45,1.43,3.53,6.27,1.15,0.78,2.51,-1.05,2.58,7.52,5.03,1.18,-0.35,5.64,10.97,6.35,
125,East Asia & Pacific (excluding high income),EAP,,,,,,,,,,,,,,,,,,7.6,6.26,7.81,14.49,12.66,7.03,6.7,5.52,4.72,5.45,5.17,9.34,6.46,8.19,6.97,7.52,5.74,7.66,5.82,7.31,5.61,8.61,4.29,2.16,4.27,2.72,3.7,4.43,5.53,4.87,4.82,10.23,4.22,3.69,5.3,3.03,2.91,3.14,1.22,1.92,2.91,3.2,1.94,2.42,2.48,5.46,3.67,
126,Grenada,GRD,,,,,,,,,,,,,,,,,,18.46,18.14,20.88,21.82,18.79,7.81,6.1,5.66,2.5,0.56,-0.87,4.0,5.59,2.72,2.64,3.78,2.81,3.77,1.87,2.03,1.24,1.38,0.58,2.18,3.14,1.07,2.15,2.31,3.48,4.25,3.86,8.03,-0.31,3.44,3.03,2.41,-0.04,-0.98,-0.52,1.65,0.91,0.8,0.6,-0.74,1.22,2.58,2.7,
127,Lesotho,LSO,,,,,,,,,,,,,,,13.42,14.21,11.41,16.69,13.48,16.0,16.27,12.41,12.14,17.49,10.98,13.32,18.0,11.75,11.46,14.73,11.63,17.68,17.21,13.14,8.21,9.27,9.33,,,,6.13,-9.62,33.81,6.63,5.02,3.44,6.07,8.01,10.72,-16.86,-2.41,5.04,6.05,4.87,5.37,3.22,6.6,4.45,4.75,5.19,4.98,6.05,8.27,6.34,
128,IDA & IBRD total,IBT,,,,,,,,,,,,,,,,,,11.89,9.53,,15.49,13.03,10.82,10.62,10.28,8.51,8.73,8.19,8.91,8.93,10.86,12.45,10.06,10.63,20.57,11.13,8.83,7.13,6.81,4.46,4.18,5.01,3.9,4.53,4.46,6.08,6.13,6.14,10.28,4.0,4.09,5.8,5.01,4.34,3.52,3.14,2.82,3.45,3.21,2.68,2.94,4.22,8.73,6.27,
129,Vanuatu,VUT,,,,,,,,,,,,,,,,,,5.74,6.41,4.17,11.24,26.85,6.67,1.65,5.52,1.07,4.77,16.04,8.76,7.75,4.76,6.47,4.06,3.57,2.3,2.23,0.91,2.83,3.28,2.0,2.54,3.58,1.96,3.02,1.42,1.2,2.04,3.94,4.84,4.3,2.76,0.87,1.35,1.46,0.8,2.48,0.84,3.08,2.33,2.76,5.33,2.34,6.68,,
130,Low & middle income,LMY,,,,,,,,,,,,,,,,,,11.97,9.04,,,12.86,10.83,10.62,10.28,9.09,8.73,8.19,9.07,8.93,10.33,12.28,10.05,9.99,20.57,11.71,8.98,7.09,6.88,4.68,4.06,5.08,4.24,5.14,4.5,6.43,6.07,6.25,10.36,4.22,4.28,6.16,5.02,4.77,3.56,3.17,3.02,3.67,3.35,2.73,2.99,4.22,8.33,6.15,
131,St. Kitts and Nevis,KNA,,,,,,,,,,,,,,,,,,,,,17.74,10.48,5.93,2.29,2.71,2.62,-0.01,0.96,0.23,5.17,4.01,4.32,2.86,1.79,1.44,2.96,2.09,8.91,3.45,3.36,2.15,2.3,2.04,2.24,2.31,3.38,8.49,4.48,5.3,2.06,0.85,5.84,0.82,1.11,0.25,-2.3,-0.69,0.69,-1.04,-0.33,-1.17,1.2,2.67,3.56,
132,Lower middle income,LMC,,,,,,,,,,,,,,,,,,,,,14.27,11.88,10.53,11.57,10.98,7.73,8.73,8.23,8.91,8.85,10.65,12.64,9.96,8.53,12.08,9.91,8.92,7.11,8.26,4.69,4.01,4.36,3.75,4.46,4.5,5.36,6.07,6.75,11.48,4.36,4.76,6.33,5.83,5.32,4.79,3.24,3.21,3.52,4.06,3.32,4.92,4.32,7.93,7.11,
133,Qatar,QAT,,,,,,,,,,,,,,,,,,,,,6.8,8.52,5.7,2.74,1.1,1.91,0.76,2.69,4.6,3.3,3.0,4.42,3.06,-0.87,1.32,2.96,4.9,4.83,2.95,2.18,1.65,1.47,0.24,2.26,6.8,8.81,11.84,13.76,15.05,-4.86,-2.43,1.14,2.32,3.22,3.35,1.81,2.68,0.39,0.26,-0.67,-2.54,2.3,5.0,3.03,
134,Small states,SST,,,,,,,,,,,,,,,,,,,,,15.12,12.12,7.13,5.14,4.09,3.92,2.48,4.06,4.4,5.39,4.67,6.26,4.88,4.09,2.69,2.89,2.98,3.46,2.89,2.95,2.49,3.38,2.19,2.2,2.96,3.1,3.59,4.47,8.33,2.2,2.97,4.0,3.4,1.75,1.16,0.61,0.61,1.63,2.19,1.31,0.39,2.41,6.33,4.56,
135,Africa Western and Central,AFW,,,,,,,,,,,,,,,,,,,,,,8.8,12.06,10.67,11.25,7.35,5.95,0.25,2.52,0.87,1.06,1.74,-0.06,0.55,31.84,10.56,4.91,4.0,4.47,0.37,2.53,4.36,3.19,1.76,0.69,5.63,4.42,3.61,8.45,3.28,1.78,4.02,4.58,2.44,1.77,2.13,1.49,1.73,1.78,1.76,2.44,3.65,7.97,4.67,
136,Belize,BLZ,,,,,,,,,,,,,,,,,,,,,,11.22,6.84,5.0,3.38,6.24,0.8,2.01,3.14,2.13,3.06,0.76,2.4,1.47,2.57,2.89,5.97,1.15,2.2,2.62,3.07,3.65,4.24,2.32,6.39,-1.1,-7.11,2.32,6.39,-1.1,0.92,1.6,1.3,0.51,1.2,-0.86,0.66,1.15,0.27,0.19,0.12,3.24,6.28,4.39,
137,Brazil,BRA,,,,,,,,,,,,,,,,,,,,,,101.73,100.54,135.03,192.12,225.99,147.14,228.34,629.11,1430.72,2947.73,432.79,951.96,1927.38,2075.89,66.01,15.76,6.93,3.2,4.86,7.04,6.84,8.45,14.71,6.6,6.87,4.18,3.64,5.68,4.89,5.04,6.64,5.4,6.2,6.33,9.03,8.74,3.45,3.66,3.73,3.21,8.3,9.28,4.59,
138,Brunei Darussalam,BRN,,,,,,,,,,,,,,,,,,,,,,9.14,6.36,1.17,3.07,2.35,1.78,1.25,1.19,1.3,2.14,1.6,1.28,4.25,2.46,5.97,2.0,1.71,-0.44,-0.42,1.56,0.6,-2.31,0.3,0.81,1.24,0.16,0.97,2.08,1.04,0.36,0.14,0.11,0.39,-0.21,-0.49,-0.28,-1.26,1.03,-0.39,1.94,1.73,3.68,0.36,
139,Bhutan,BTN,,,,,,,,,,,,,,,,,,,,,,9.97,9.85,18.06,7.04,1.88,9.96,6.33,10.1,8.78,10.01,12.28,15.98,11.2,7.01,9.49,8.79,6.51,10.59,6.78,4.01,3.41,2.46,2.57,4.11,5.31,5.0,5.16,8.33,4.36,7.04,8.85,10.92,8.78,8.27,4.55,3.22,4.96,2.72,2.73,5.63,7.35,5.64,4.23,
140,Central African Republic,CAF,,,,,,,,,,,,,,,,,,,,,,-0.03,13.3,14.61,2.54,10.42,2.25,-6.99,-3.96,0.69,-0.01,-2.76,-1.03,-2.92,24.57,19.19,3.72,1.61,-1.89,-1.41,3.2,3.83,2.33,4.13,-2.07,2.88,6.7,0.96,9.26,3.52,1.49,1.19,5.48,6.99,14.9,1.4,4.95,4.18,1.61,2.69,1.71,4.26,5.58,2.98,
141,High income,HIC,,,,,,,,,,,,,,,,,,,,,,11.43,8.89,6.91,5.99,4.64,2.84,3.65,4.28,5.17,5.4,5.3,4.03,4.2,2.88,3.75,2.93,2.43,1.96,2.14,2.69,2.63,2.07,2.06,2.19,2.62,2.67,2.85,4.63,1.59,2.08,3.41,2.66,1.49,1.03,0.32,0.44,1.59,1.88,1.62,0.6,2.52,7.53,4.97,
142,Heavily indebted poor countries (HIPC),HPC,,,,,,,,,,,,,,,,,,,,,,11.34,12.31,11.13,11.37,10.42,6.81,7.03,6.93,8.05,6.8,8.82,9.52,8.53,32.29,14.38,7.41,5.57,5.75,3.6,4.17,4.6,3.9,5.3,4.47,8.17,6.74,7.25,10.66,4.36,4.7,6.43,6.31,5.16,3.97,3.77,4.66,4.98,3.07,2.74,3.47,4.26,9.62,7.38,
143,IDA total,IDA,,,,,,,,,,,,,,,,,,,,,,12.17,10.83,9.36,8.36,6.91,6.18,6.98,8.63,7.65,8.22,9.0,9.49,6.98,15.01,9.83,7.3,6.51,5.98,4.14,3.82,4.39,3.75,5.3,4.32,6.81,6.2,6.68,10.69,4.36,3.99,6.3,5.71,4.89,3.52,2.92,3.21,3.74,3.02,2.69,3.47,4.15,8.22,6.66,
144,Low income,LIC,,,,,,,,,,,,,,,,,,,,,,12.17,12.06,9.36,9.54,10.47,3.18,5.62,11.69,8.05,6.08,9.0,9.56,9.68,25.18,16.43,7.83,5.03,4.82,1.67,3.61,4.25,3.3,6.49,3.99,8.45,7.31,7.93,11.68,5.01,4.4,7.62,6.83,5.61,3.74,4.38,5.71,8.16,3.44,2.8,4.33,5.04,9.95,9.87,
145,Malawi,MWI,,,,,,,,,,,,,,,,,,,,,,11.81,9.82,13.5,20.03,10.52,14.05,25.16,33.91,12.45,11.82,12.62,23.75,22.77,34.65,83.33,37.6,9.14,29.75,44.8,29.58,22.7,14.74,9.58,11.43,15.41,13.97,7.95,8.71,8.42,7.41,7.62,21.27,27.28,23.79,21.87,21.71,11.54,12.42,9.37,8.63,9.33,20.95,28.79,
146,Other small states,OSS,,,,,,,,,,,,,,,,,,,,,,11.04,7.66,5.32,5.99,2.35,5.88,3.32,4.07,4.56,4.5,6.81,3.95,5.32,3.79,5.73,4.47,6.51,2.58,3.3,4.02,3.41,2.8,2.31,3.12,3.01,3.43,5.01,8.91,2.66,2.95,4.24,4.04,3.04,1.34,1.1,0.57,1.76,2.45,1.37,1.21,2.41,7.93,5.09,
147,Sub-Saharan Africa (excluding high income),SSA,,,,,,,,,,,,,,,,,,,,,,12.41,12.14,11.57,11.25,10.31,7.43,8.15,8.76,8.28,7.73,8.97,9.52,9.68,28.81,12.29,7.27,8.17,6.66,4.25,4.2,5.08,5.03,6.08,4.18,6.61,6.62,7.03,10.3,4.85,4.09,5.69,6.58,4.91,4.4,3.47,5.49,5.21,4.27,2.84,3.48,4.26,9.53,7.09,
148,Slovenia,SVN,,,,,,,,,,,,,,,,,,,,,,42.62,30.11,40.21,53.67,79.41,95.89,132.07,198.75,1281.44,552.08,114.83,209.93,31.76,20.99,13.46,9.86,8.36,7.89,6.16,8.91,8.38,7.48,5.54,3.59,2.45,2.46,3.66,5.65,0.84,1.8,1.8,2.6,1.77,0.2,-0.53,-0.05,1.43,1.74,1.63,-0.05,1.92,8.83,7.45,
149,World,WLD,,,,,,,,,,,,,,,,,,,,,,12.44,10.22,8.67,8.08,6.81,5.82,5.71,7.11,6.92,8.06,9.0,7.64,7.14,10.25,9.08,6.53,5.55,5.1,3.04,3.43,3.84,2.91,3.03,3.52,4.11,4.27,4.81,8.95,2.86,3.33,4.82,3.73,2.65,2.35,1.44,1.61,2.25,2.45,2.21,1.94,3.45,7.99,5.8,
150,"Hong Kong SAR, China",HKG,,,,,,,,,,,,,,,,,,,,,,,10.97,9.89,8.65,3.5,3.38,5.65,7.89,10.18,10.43,11.16,9.65,8.8,8.74,9.08,6.28,5.78,2.91,-4.01,-3.69,-1.66,-2.98,-2.67,-0.27,0.83,2.0,2.04,4.3,0.58,2.29,5.31,4.05,4.34,4.42,2.99,2.41,1.49,2.41,2.88,0.25,1.57,1.88,2.1,
151,Argentina,ARG,,,,,,,,,,,,,,,,,,,,,100.76,104.48,164.78,343.81,626.72,672.18,90.1,131.33,342.96,3079.81,2313.96,171.67,24.9,10.61,4.18,3.38,0.16,0.53,0.92,-1.17,-0.94,-1.07,25.87,13.44,4.42,9.64,10.9,8.83,8.58,6.28,10.78,9.47,10.03,10.62,23.9,,26.5,25.68,34.28,53.55,42.02,48.41,94.8,,
152,IDA only,IDX,,,,,,,,,,,,,,,,,,,,,,,,,8.82,9.33,9.68,7.93,9.45,8.81,9.86,12.28,10.14,9.52,22.45,11.39,8.52,7.22,6.21,4.58,4.01,4.6,4.18,5.69,4.6,7.17,6.7,7.03,11.4,4.45,4.76,6.72,5.98,5.01,3.99,3.25,3.52,4.18,3.07,2.78,3.58,4.22,9.53,7.12,
153,Chad,TCD,,,,,,,,,,,,,,,,,,,,,,,,,20.25,5.15,-13.06,-5.97,15.48,-3.69,-0.74,3.19,-3.11,-8.43,41.72,9.23,11.33,5.57,4.26,-8.03,3.82,12.43,5.19,-1.75,-5.36,7.89,8.04,-8.97,10.3,9.95,-2.08,2.03,7.52,0.22,1.68,4.38,-0.79,-1.54,4.27,-0.97,4.46,-0.77,5.79,10.84,
154,Tunisia,TUN,,,,,,,,,,,,,,,,,,,,,,,,,8.9,7.25,6.16,8.23,7.2,7.74,6.55,8.19,5.82,3.97,4.73,6.24,3.73,3.65,3.13,2.69,2.96,1.98,2.72,2.71,3.63,2.02,3.23,2.97,4.35,3.66,3.34,3.24,4.61,5.32,4.63,4.44,3.63,5.31,7.31,6.72,5.63,5.71,8.31,9.33,
155,Cabo Verde,CPV,,,,,,,,,,,,,,,,,,,,,,,,,11.25,5.39,10.87,3.85,4.07,4.56,10.65,9.55,3.12,5.79,3.45,8.35,5.96,8.56,4.39,4.36,-2.48,3.35,1.88,1.19,-1.89,0.42,5.37,4.41,6.77,0.99,2.08,4.47,2.54,1.51,-0.24,0.13,-1.41,0.78,1.26,1.11,0.61,1.86,7.93,,
156,Bulgaria,BGR,,,,,,,,,,,,,,,,,,,,,,,,,,,2.7,2.73,2.37,6.39,23.8,338.45,91.3,72.88,96.06,62.05,121.61,1058.37,18.67,2.57,10.32,7.36,5.81,2.35,6.15,5.04,7.26,8.4,12.35,2.75,2.44,4.22,2.95,0.89,-1.42,-0.1,-0.8,2.06,2.81,3.1,1.67,3.3,15.33,9.44,
157,Croatia,HRV,,,,,,,,,,,,,,,,,,,,,,,,,,,50.0,133.33,185.71,1400.0,500.0,122.22,625.0,1500.0,107.33,3.95,4.3,4.17,6.4,4.02,4.61,3.78,1.67,1.77,2.06,3.32,3.19,2.9,6.08,2.38,1.03,2.27,3.41,2.22,-0.22,-0.46,-1.13,1.13,1.5,0.77,0.15,2.55,10.78,7.94,
158,Least developed countries: UN classification,LDC,,,,,,,,,,,,,,,,,,,,,,,,,,,9.33,9.01,10.22,8.93,8.49,14.25,10.64,9.37,25.18,15.45,9.33,8.08,8.01,5.78,4.03,4.86,5.03,6.56,4.64,7.8,6.92,7.91,11.31,4.62,5.52,6.79,6.38,5.58,4.41,3.96,5.47,4.98,3.49,3.32,4.46,4.19,9.57,7.47,
159,Mauritania,MRT,,,,,,,,,,,,,,,,,,,,,,,,,,,7.43,8.15,1.32,12.93,6.6,5.63,10.14,9.37,4.13,6.54,4.68,4.63,8.03,4.07,3.25,4.71,3.9,5.15,10.37,12.13,6.24,7.25,7.35,2.22,6.28,5.69,4.9,4.13,3.53,3.25,1.47,2.25,3.07,2.3,2.39,3.57,9.53,4.95,
160,Pre-demographic dividend,PRE,,,,,,,,,,,,,,,,,,,,,,,,,,,6.18,8.15,9.31,8.28,6.6,8.59,9.49,7.92,34.65,16.43,7.19,6.87,6.47,3.81,4.17,5.08,4.38,5.23,4.11,7.8,6.7,6.0,10.29,4.56,3.98,6.43,6.44,4.63,3.31,3.4,4.66,4.98,2.97,2.38,3.4,4.22,8.78,7.25,
161,Zambia,ZMB,,,,,,,,,,,,,,,,,,,,,,,,,,,55.83,47.05,51.0,123.4,107.02,97.64,165.71,183.31,54.6,34.93,43.07,24.42,24.46,26.79,26.03,21.39,22.23,21.4,17.97,18.32,9.02,10.66,12.45,13.4,8.5,6.43,6.58,6.98,7.81,10.11,17.87,6.58,7.49,9.15,15.73,22.02,10.99,10.88,
162,Bangladesh,BGD,,,,,,,,,,,,,,,,,,,,,,,,,,,,9.87,7.41,6.05,6.13,6.36,3.63,3.01,5.31,10.3,2.38,5.31,8.4,6.11,2.21,2.01,3.33,5.67,7.59,7.05,6.77,9.11,8.9,5.42,8.13,11.4,6.22,7.53,6.99,6.19,5.51,5.7,5.54,5.59,5.69,5.55,7.7,9.88,
163,China,CHN,,,,,,,,,,,,,,,,,,,,,,,,,,,,7.23,18.81,18.25,3.05,3.56,6.35,14.61,24.26,16.79,8.31,2.79,-0.77,-1.4,0.35,0.72,-0.73,1.13,3.82,1.78,1.65,4.82,5.93,-0.73,3.18,5.55,2.62,2.62,1.92,1.44,2.0,1.59,2.07,2.9,2.42,0.98,1.97,0.23,
164,East Asia & Pacific,EAS,,,,,,,,,,,,,,,,,,,,,,,,,,,,4.69,7.89,6.42,7.82,6.5,6.21,4.89,5.65,4.63,5.52,3.73,5.49,1.98,1.59,3.58,1.89,2.29,3.24,3.04,3.94,3.76,8.34,1.62,3.06,5.02,2.97,2.58,2.51,0.8,1.28,1.8,2.31,1.7,1.28,2.41,5.41,3.67,
165,Equatorial Guinea,GNQ,,,,,,,,,,,,,,,,,,,,,,,,,,,-17.64,-13.17,2.52,6.17,0.86,-3.43,-4.28,5.45,31.84,19.87,4.54,3.02,7.94,0.37,4.8,8.83,7.59,7.32,4.22,5.63,4.42,2.8,6.55,4.69,7.79,4.81,3.66,2.95,4.31,1.68,1.41,0.74,1.06,1.53,4.77,-0.1,4.79,,
166,Late-demographic dividend,LTE,,,,,,,,,,,,,,,,,,,,,,,,,,,,5.76,7.2,6.19,7.61,6.9,5.82,10.68,11.44,8.01,7.23,5.88,5.44,3.39,4.1,4.65,2.8,3.23,3.86,4.14,4.37,5.44,8.96,3.04,3.3,4.37,3.32,2.68,2.04,1.56,1.11,2.18,2.47,2.16,1.94,3.46,8.64,6.39,
167,Maldives,MDV,,,,,,,,,,,,,,,,,,,,,,,,,,,9.72,9.7,6.46,7.17,3.65,14.71,16.86,20.13,3.39,5.49,6.24,7.57,-1.4,2.95,-1.17,0.67,4.18,-1.26,-1.69,1.3,2.74,6.79,12.04,4.53,6.15,11.27,10.88,3.81,2.12,0.95,0.5,2.82,-0.13,0.22,-1.37,0.54,2.33,,
168,East Asia & Pacific (IDA & IBRD countries),TEA,,,,,,,,,,,,,,,,,,,,,,,,,,,,5.17,9.34,6.46,8.19,6.97,7.52,5.74,7.66,5.82,7.31,5.61,8.61,4.29,2.16,4.27,2.34,3.23,4.53,4.54,4.64,4.81,10.34,3.68,3.61,5.16,3.03,2.93,3.37,1.09,1.76,2.88,2.83,1.93,2.41,2.54,5.52,4.78,
169,"Congo, Rep.",COG,,,,,,,,,,,,,,,,,,,,,,,,,,,4.16,0.44,1.03,-1.8,2.89,-1.68,-3.94,4.92,42.44,9.42,10.03,,,4.14,-0.88,0.06,4.38,-0.63,2.43,3.09,6.54,2.65,4.96,4.42,0.39,1.76,5.01,4.63,0.91,3.17,3.19,0.45,1.15,2.21,1.8,1.72,3.04,4.3,
170,Aruba,ABW,,,,,,,,,,,,,,,,,,,,,,,,,,4.03,1.07,3.64,3.12,3.99,5.84,5.56,3.87,5.22,6.31,3.36,3.23,3.0,1.87,2.28,4.04,2.88,3.32,3.66,2.53,3.4,3.61,5.39,8.96,-2.14,2.08,4.32,0.63,-2.37,0.42,0.47,-0.93,-1.03,3.63,4.26,,,,,
171,Guinea-Bissau,GNB,,,,,,,,,,,,,,,,,,,,,,,,,,,,,60.28,80.79,33.0,57.6,69.58,48.11,15.18,45.37,50.73,49.1,8.01,-2.09,8.64,3.35,3.3,-3.5,0.88,3.33,1.95,4.62,10.46,-1.65,2.52,5.05,2.13,1.21,-1.51,1.48,1.5,1.69,0.38,0.25,1.14,2.24,9.39,,
172,Lao PDR,LAO,,,,,,,,,,,,,,,,,,,,,,,,,,,,,,61.33,35.64,13.44,9.86,6.27,6.78,19.59,13.02,27.51,90.98,125.27,25.08,7.81,10.63,15.49,10.46,7.17,6.55,4.66,7.63,0.14,5.98,7.57,4.26,6.37,4.13,1.28,1.6,0.83,2.04,3.32,5.1,3.76,22.96,31.23,
173,Mali,MLI,,,,,,,,,,,,,,,,,,,,,,,,,,,,,,-0.08,0.61,1.8,-6.24,-0.26,23.18,13.44,6.81,-0.36,4.04,-1.2,-0.68,5.19,5.03,-1.35,-3.1,6.4,1.54,1.41,9.17,2.46,1.11,2.96,5.32,-0.61,0.88,1.45,-1.8,1.76,0.3,-1.66,0.44,3.93,9.62,2.06,
174,"Macao SAR, China",MAC,,,,,,,,,,,,,,,,,,,,,,,,,,,,,,8.77,7.97,9.57,7.71,6.71,6.25,8.56,4.82,3.49,0.17,-3.2,-1.61,-1.98,-2.64,-1.56,0.98,4.4,5.15,5.57,8.61,1.17,2.81,5.81,6.11,5.5,6.05,4.56,2.37,1.23,3.0,2.75,0.81,0.03,1.05,,
175,Angola,AGO,,,,,,,,,,,,,,,,,,,,,,,,,,,,,,,,83.78,299.51,1378.53,949.79,2666.45,4145.11,219.18,107.28,248.2,325.0,152.56,108.9,98.22,43.54,22.95,13.31,12.25,12.48,13.73,14.47,13.48,10.28,8.78,7.28,9.36,30.69,29.84,19.63,17.08,22.27,25.75,21.36,13.64,
176,Central Europe and the Baltics,CEB,,,,,,,,,,,,,,,,,,,,,,,,,,,,,,,,118.53,150.62,72.88,35.92,27.95,19.79,8.88,8.21,4.02,8.91,5.75,3.13,2.35,3.59,3.32,3.93,4.84,6.36,2.75,1.8,4.13,3.33,1.44,0.05,-0.46,-0.05,2.08,2.53,2.66,1.67,3.84,14.61,9.44,
177,Fragile and conflict affected situations,FCS,,,,,,,,,,,,,,,,,,,,,,,,,,,,,,,,11.9,10.53,10.38,30.14,18.24,11.48,7.09,5.98,4.84,3.82,5.37,4.71,5.49,3.28,7.29,6.74,4.62,11.58,4.08,3.48,5.44,5.91,3.43,2.24,2.08,3.04,3.49,3.21,2.38,2.9,4.26,9.51,5.89,
178,Romania,ROU,,,,,,,,,,,,,,,,,,,,,,,,,,,,,,,,230.62,211.21,255.17,136.76,32.24,38.83,154.76,59.1,45.8,45.67,34.48,22.54,15.27,11.87,9.01,6.56,4.84,7.85,5.59,6.09,5.79,3.33,3.98,1.07,-0.59,-1.54,1.34,4.63,3.83,2.63,5.05,13.8,10.4,
179,Azerbaijan,AZE,,,,,,,,,,,,,,,,,,,,,,,,,,,,,,,,,-10.63,1128.0,1662.22,411.76,19.79,3.67,-0.77,-8.53,1.81,1.55,2.77,2.23,6.71,9.68,8.33,16.7,20.85,1.46,5.73,7.86,1.07,2.42,1.37,4.03,12.44,12.94,2.27,2.61,2.76,6.65,13.85,8.79,
180,Czechia,CZE,,,,,,,,,,,,,,,,,,,,,,,,,,,,,,,,,11.09,20.81,10.04,8.99,8.76,8.6,10.7,2.14,3.78,4.66,1.9,0.12,2.76,1.86,2.53,2.85,6.36,1.02,1.47,1.92,3.29,1.44,0.34,0.31,0.68,2.45,2.15,2.85,3.16,3.84,15.1,10.66,
181,Europe & Central Asia,ECS,,,,,,,,,,,,,,,,,,,,,,,,,,,,,,,,,5.92,14.41,12.14,8.96,8.19,5.54,4.64,2.36,3.78,4.26,2.79,2.35,2.83,2.61,3.19,2.92,6.06,1.54,2.42,3.86,2.77,1.75,0.62,0.41,0.39,1.96,2.04,1.82,1.21,3.25,10.78,7.81,
182,Lithuania,LTU,,,,,,,,,,,,,,,,,,,,,,,,,,,,,,,,,1020.62,410.45,72.25,39.65,24.63,8.88,5.07,0.73,0.98,1.37,0.28,-1.13,1.16,2.66,3.74,5.74,10.93,4.45,1.32,4.13,3.09,1.05,0.1,-0.88,0.91,3.72,2.7,2.33,1.2,4.68,19.71,9.12,
183,Latvia,LVA,,,,,,,,,,,,,,,,,,,,,,,,,,,,,,,,,951.7,108.99,35.92,24.98,17.61,8.45,4.64,2.36,2.65,2.49,1.94,2.94,6.19,6.75,6.54,10.09,15.4,3.53,-1.08,4.37,2.26,-0.03,0.62,0.17,0.14,2.93,2.53,2.81,0.22,3.28,17.31,8.94,
184,Moldova,MDA,,,,,,,,,,,,,,,,,,,,,,,,,,,,,,,,,1026.83,1613.6,486.43,29.87,23.51,11.77,7.7,39.26,31.3,9.76,5.3,11.75,12.52,11.96,12.78,12.37,12.78,-0.06,7.48,7.69,4.55,4.6,5.09,9.68,6.36,6.57,3.05,4.84,3.77,5.11,28.74,13.42,
185,Slovak Republic,SVK,,,,,,,,,,,,,,,,,,,,,,,,,,,,,,,,,9.89,23.29,13.42,9.84,5.78,6.14,6.67,10.57,12.04,7.33,3.13,8.55,7.55,2.71,4.48,2.76,4.6,1.62,0.96,3.92,3.61,1.4,-0.08,-0.33,-0.52,1.31,2.51,2.66,1.94,3.15,12.77,10.53,
186,Albania,ALB,,,,,,,,,,,,,,,,,,,,,,,,,,,,,,,,,226.01,85.0,22.57,7.79,12.73,33.18,20.64,0.39,0.05,3.11,7.77,0.48,2.28,2.37,2.37,2.93,3.32,2.27,3.63,3.43,2.03,1.94,1.63,1.9,1.28,1.99,2.03,1.41,1.62,2.04,6.73,,
187,Benin,BEN,,,,,,,,,,,,,,,,,,,,,,,,,,,,,,,,,,0.44,38.53,14.46,4.91,3.47,5.75,0.33,4.17,3.98,2.49,1.49,0.87,5.36,3.78,1.3,7.95,0.9,2.21,2.7,6.74,0.43,-0.55,0.22,-0.79,0.04,0.92,0.73,3.02,1.73,1.35,2.73,
188,Belarus,BLR,,,,,,,,,,,,,,,,,,,,,,,,,,,,,,,,,,1190.23,2221.02,709.35,52.71,63.94,72.87,293.68,168.62,61.13,42.54,28.4,18.11,10.34,7.0,8.43,14.84,12.95,7.74,53.23,59.22,18.31,18.12,13.53,11.84,6.03,4.87,5.6,5.55,9.46,15.21,5.0,
189,Djibouti,DJI,,,,,,,,,,,,,,,,,,,,,12.06,5.72,-2.41,0.9,1.88,2.13,18.15,4.09,,,,,,,,,,,,,,1.75,0.64,1.98,3.12,3.1,3.48,4.97,11.96,1.68,3.95,5.07,3.73,2.71,1.34,-0.85,2.74,0.57,0.15,3.32,1.78,1.18,5.18,1.5,
190,Estonia,EST,,,,,,,,,,,,,,,,,,,,,,,,,,,,,,,,,,89.81,47.65,28.78,23.05,10.58,8.21,3.3,4.02,5.75,3.57,1.33,3.05,4.08,4.44,6.6,10.36,-0.08,2.97,4.98,3.93,2.78,-0.11,-0.49,0.15,3.42,3.44,2.28,-0.44,4.65,19.4,9.16,
191,Mongolia,MNG,,,,,,,,,,,,,,,,,,,,,,,,,,,,,,,,,,268.15,87.58,0.04,46.89,36.56,9.36,7.56,11.6,6.28,0.92,5.13,8.24,12.72,5.1,9.63,27.96,7.62,10.05,8.41,14.33,10.49,12.25,5.74,0.73,4.3,6.82,7.3,3.8,7.35,15.15,10.35,
192,Ukraine,UKR,,,,,,,,,,,,,,,,,,,,,,,,,,,,,,,,,,4734.91,891.19,376.75,80.33,15.94,10.58,22.68,28.2,11.96,0.76,5.18,9.05,13.57,9.05,12.84,25.23,15.88,9.37,7.96,0.57,-0.24,12.07,48.7,13.91,14.44,10.95,7.89,2.73,9.36,20.18,12.85,
193,Armenia,ARM,,,,,,,,,,,,,,,,,,,,,,,,,,,,,,,,,,,3373.76,175.95,18.68,13.96,8.67,0.65,-0.79,3.15,1.06,4.72,6.96,0.64,2.89,4.41,8.95,3.41,8.18,7.65,2.56,5.79,2.98,3.73,-1.4,0.97,2.52,1.44,1.21,7.18,8.64,1.98,
194,Europe & Central Asia (excluding high income),ECA,,,,,,,,,,,,,,,,,,,,,,,,,,,,,,,,,,,891.19,162.72,35.56,16.67,9.56,20.94,15.94,8.35,5.59,4.95,6.92,7.88,7.66,8.59,11.43,3.44,6.78,7.86,3.32,4.8,4.08,4.87,4.07,6.03,2.61,2.68,2.76,7.18,13.85,9.36,
195,Kazakhstan,KAZ,,,,,,,,,,,,,,,,,,,,,,,,,,,,,,,,,,,1877.37,176.16,39.18,17.41,7.15,8.3,13.18,8.35,5.84,6.44,6.88,7.58,8.72,10.85,17.14,7.32,7.4,8.45,5.2,5.94,6.85,6.68,14.36,7.44,6.16,5.33,6.72,8.04,15.03,14.72,
196,North Macedonia,MKD,,,,,,,,,,,,,,,,,,,,,,,,,,,,,,,,,,,126.58,16.37,2.47,1.29,0.54,-1.28,6.61,5.2,2.31,0.86,-0.45,0.53,3.21,2.25,8.33,-0.74,1.51,3.9,3.32,2.79,-0.28,-0.3,-0.24,1.35,1.46,0.77,1.2,3.23,14.2,9.36,
197,Europe & Central Asia (IDA & IBRD countries),TEC,,,,,,,,,,,,,,,,,,,,,,,,,,,,,,,,,,,222.24,85.89,38.83,15.94,10.58,19.19,13.18,7.86,5.7,4.72,6.88,7.58,7.0,8.4,10.44,3.47,6.14,7.67,3.37,3.98,2.98,4.0,1.28,3.15,2.61,2.89,2.75,5.88,13.85,9.44,
198,Uganda,UGA,,,,,,,,,,,,,,,,,,,,,,,,,,,,,,,,,,,10.04,6.55,7.19,8.17,0.07,5.78,3.39,1.87,-0.29,8.68,3.72,8.45,7.31,6.14,12.05,13.02,3.98,16.56,12.68,4.91,3.08,5.59,5.71,5.21,2.62,2.87,3.31,2.2,7.2,5.35,
199,Georgia,GEO,,,,,,,,,,,,,,,,,,,,,,,,,,,,,,,,,,,,162.72,39.36,7.09,3.57,19.19,4.06,4.65,5.59,0.84,5.66,8.25,9.16,9.24,10.0,1.73,7.11,8.54,-0.94,-0.51,3.07,4.0,2.13,6.04,2.62,4.85,5.2,9.57,11.9,2.49,
200,Guyana,GUY,,,,,,,,,,,,,,,,,,,,,,,,,,,,,,,,,,,,12.21,7.09,3.56,4.59,7.54,6.15,2.63,5.34,5.98,4.67,6.93,6.68,12.2,8.1,2.95,3.73,4.98,2.39,1.9,0.85,-1.0,0.84,1.9,1.28,2.09,0.99,5.03,6.12,2.82,
201,Cambodia,KHM,,,,,,,,,,,,,,,,,,,,,,,,,,,,,,,,,,,,-0.8,7.15,7.96,14.81,4.01,-0.79,-0.6,0.21,0.94,4.32,6.62,5.81,8.71,24.1,-1.24,4.0,5.48,2.93,2.94,3.86,1.22,3.02,2.91,2.46,1.94,2.94,2.92,5.34,2.13,
202,Russian Federation,RUS,,,,,,,,,,,,,,,,,,,,,,,,,,,,,,,,,,874.25,307.72,197.41,47.75,14.76,27.69,85.75,20.8,21.48,15.79,13.66,10.89,12.69,9.67,9.01,14.11,11.65,6.85,8.44,5.07,6.75,7.82,15.53,7.04,3.68,2.88,4.47,3.38,6.69,,,
203,Serbia,SRB,,,,,,,,,,,,,,,,,,,,,,,,,,,,,,,,,,,,82.66,95.6,23.31,30.16,42.45,71.12,95.01,19.49,9.88,11.03,16.12,11.72,6.39,12.41,8.12,6.14,11.14,7.33,7.69,2.08,1.39,1.12,3.13,1.96,1.85,1.58,4.09,11.98,12.37,
204,Kyrgyz Republic,KGZ,,,,,,,,,,,,,,,,,,,,,,,,,,,,,,,,,,,,,31.95,23.44,10.46,37.03,18.7,6.92,2.13,2.97,4.11,4.34,5.55,10.23,24.52,6.84,7.97,16.64,2.77,6.61,7.53,6.5,0.39,3.18,1.54,1.13,6.33,11.91,13.92,10.75,
205,Viet Nam,VNM,,,,,,,,,,,,,,,,,,,,,,,,,,,,,,,,,,,,,5.67,3.21,7.27,4.12,-1.71,-0.43,3.83,3.23,7.75,8.28,7.42,8.34,23.12,6.72,9.21,18.68,9.09,6.59,4.08,0.63,2.67,3.52,3.54,2.8,3.22,1.83,3.16,3.25,
206,West Bank and Gaza,PSE,,,,,,,,,,,,,,,,,,,,,,,,,,,,,,,,,,,,,,7.09,5.58,5.54,2.8,1.22,5.71,4.4,3.0,4.11,3.84,1.86,9.89,2.75,3.75,2.88,2.78,1.72,1.73,1.43,-0.22,0.21,-0.2,1.58,-0.74,1.24,3.74,5.87,
207,Sao Tome and Principe,STP,,,,,,,,,,,,,,,,,,,,,,,,,,,,,,,,,,,,,,35.82,50.49,12.73,12.21,9.22,10.13,9.79,13.29,17.15,23.08,18.55,31.99,16.96,13.34,14.33,10.64,8.11,7.0,5.25,5.43,5.69,7.87,7.72,9.82,8.14,18.01,21.26,
208,Antigua and Barbuda,ATG,,,,,,,,,,,,,,,,,,,,,,,,,,,,,,,,,,,,,,,,1.12,0.77,1.4,2.41,1.99,2.03,2.1,1.79,1.42,5.33,-0.55,3.37,3.46,3.38,1.06,1.09,0.97,-0.49,2.43,1.21,1.43,0.63,2.06,7.53,5.07,
209,Nicaragua,NIC,,,,,,,,,,,,,,,,,,,,,,,,,,,,,,,,,,,,,,,,,7.07,5.99,3.75,5.3,8.47,9.6,9.14,11.13,19.83,3.69,5.46,8.08,7.19,7.14,6.04,4.0,3.52,3.85,4.95,5.38,3.68,4.93,10.47,8.39,
210,"Yemen, Rep.",YEM,,,,,,,,,,,,,,,,,,,,,,,,,,,,,,,,36.0,29.41,35.75,49.39,55.08,30.73,2.18,5.98,8.66,4.59,11.91,12.24,10.83,12.52,11.81,10.84,7.91,18.98,5.41,11.17,19.54,9.89,10.97,8.1,,,,,,,,,,
211,"Micronesia, Fed. Sts.",FSM,,,,,,,,,,,,,,,,,,,,,,,,,,,,,,,,,,,,,,,,,2.16,0.5,-0.11,0.13,2.28,4.26,4.64,3.31,8.42,6.39,3.31,5.08,5.02,1.75,0.65,-0.3,-1.04,0.58,1.5,1.92,0.55,3.19,5.41,,
212,Oman,OMN,,,,,,,,,,,,,,,,,,,,,,,,,,,,,,,,,,,,,,,,,,-0.82,-0.28,0.23,0.62,1.91,3.54,5.83,12.38,3.47,3.26,4.04,2.95,1.05,1.01,0.07,1.11,1.59,0.89,0.49,-0.41,1.68,2.51,0.94,
213,Pacific island small states,PSS,,,,,,,,,,,,,,,,,,,,,,,,,,,,,,,,,,,,,,,,,2.35,4.06,1.96,3.02,4.96,3.95,4.43,4.37,11.01,5.31,2.1,4.88,2.05,1.61,1.45,0.65,1.07,1.58,2.9,1.41,0.39,2.48,6.68,,
214,Palau,PLW,,,,,,,,,,,,,,,,,,,,,,,,,,,,,,,,,,,,,,,,,,,-1.3,0.92,4.96,3.95,4.43,3.24,11.97,1.44,1.44,4.67,3.61,3.35,4.19,0.95,-1.04,1.42,2.11,0.27,0.22,2.61,12.35,12.8,
215,Namibia,NAM,,,,,,,,,,,,,,,,,,,,,,,,,,,,,,,,,,,,,,,,,,,,7.14,4.14,2.28,4.96,6.55,9.09,9.45,4.87,5.01,6.72,5.6,5.35,3.39,6.73,6.15,4.29,3.72,2.21,3.62,6.08,5.88,
216,Kosovo,XKX,,,,,,,,,,,,,,,,,,,,,,,,,,,,,,,,,,,,,,,,,,,,-1.08,-1.06,-1.39,0.62,4.36,9.35,-2.41,3.48,7.34,2.48,1.77,0.43,-0.54,0.27,1.49,1.05,2.68,0.2,3.35,11.58,4.94,
217,Curacao,CUW,,,,,,,,,,,,,,,,,,,,,,,,,,,,,,,,,,,,,,,,,,1.79,0.39,1.63,1.38,4.12,3.11,3.0,6.88,1.75,2.78,2.33,3.18,1.33,1.5,-0.48,-0.05,1.59,2.58,2.62,,,,,
218,Guinea,GIN,,,,,,,,,,,,,,,,,,,,,,,,,,,,,,,,,,,,,,,,,,,,,,31.37,34.7,18.18,23.07,4.68,15.05,21.32,15.23,11.89,6.15,11.78,8.17,8.91,9.83,9.47,10.6,12.6,10.49,7.8,
219,Mozambique,MOZ,,,,,,,,,,,,,,,,,,,,,,,,,,,,,,,,,,,,,,,,,,,,,,6.43,13.25,8.49,14.5,3.79,12.43,11.17,2.6,4.26,2.56,3.55,17.42,15.11,3.91,2.8,3.48,6.41,10.28,7.13,
220,Montenegro,MNE,,,,,,,,,,,,,,,,,,,,,,,,,,,,,,,,,,,,,,,,,,,,,,,2.92,4.35,8.76,3.47,0.65,3.45,4.15,2.21,-0.71,1.55,-0.27,2.38,2.61,0.36,-0.26,2.41,13.04,8.58,
221,Liberia,LBR,,,,,,,,,,,,,,,,,,,,,,,,,,,,,,,,,,,,,,,,,,,14.16,10.33,7.83,10.83,7.34,11.39,17.49,7.43,7.29,8.49,6.83,7.58,9.86,7.75,8.83,12.42,23.56,,,,,,
222,Sierra Leone,SLE,,,,,,,,,,,,,,,,,,,,,,,,,,,,,,,,,,,,,,,,,,,,,,,,11.65,8.21,7.47,7.19,6.79,6.59,5.52,4.64,6.69,10.89,18.22,16.03,14.8,13.45,11.87,27.21,47.64,
223,Timor-Leste,TLS,,,,,,,,,,,,,,,,,,,,,,,,,,,,,,,,,,,,,,,,,,,,7.17,3.24,1.11,3.94,10.3,9.06,0.67,6.77,13.5,11.8,10.99,0.85,0.65,-1.47,0.52,2.29,0.96,,,,,
224,Tajikistan,TJK,,,,,,,,,,,,,,,,,,,,,,,,,,,,,,,,,,,,,,,,,,38.59,12.25,16.3,7.14,7.09,10.01,13.15,20.47,6.45,6.45,12.43,5.83,5.01,6.1,5.71,6.0,,,,,,,,
225,Afghanistan,AFG,,,,,,,,,,,,,,,,,,,,,,,,,,,,,,,,,,,,,,,,,,,,,,12.69,6.78,8.68,26.42,-6.81,2.18,11.8,6.44,7.39,4.67,-0.66,4.38,4.98,0.63,2.3,,,,,
226,United Arab Emirates,ARE,,,,,,,,,,,,,,,,,,,,,,,,,,,,,,,,,,,,,,,,,,,,,,,,,12.25,1.56,0.88,0.88,0.66,1.1,2.35,4.07,1.62,1.97,3.07,-1.93,-2.08,-0.01,4.83,,
227,Kiribati,KIR,,,,,,,,,,,,,,,,,,,,,,,,,,,,,,,,,,,,,,,,,,,,,,,,3.59,13.67,9.82,-3.9,1.5,-3.05,-1.49,2.1,0.57,1.92,0.36,0.56,-1.81,2.55,2.05,,,
228,Lebanon,LBN,,,,,,,,,,,,,,,,,,,,,,,,,,,,,,,,,,,,,,,,,,,,,,,,,,1.2,3.98,4.97,6.58,4.82,1.85,-3.75,-0.78,4.32,6.08,3.01,84.86,154.76,171.21,221.34,
229,South Sudan,SSD,,,,,,,,,,,,,,,,,,,,,,,,,,,,,,,,,,,,,,,,,,,,,,,,,,5.01,1.17,46.85,45.53,-0.06,1.67,52.77,380.0,187.85,83.5,87.24,29.68,10.52,-6.69,2.38,
230,San Marino,SMR,,,,,,,,,,,,,,,,,,,,,,,,,,,,,,,,,,,,,,,,,,,,,1.43,1.69,2.1,2.5,4.29,2.2,2.59,2.9,2.83,1.6,1.11,0.15,0.57,1.05,,,,,,,
231,Comoros,COM,,,,,,,,,,,,,,,,,,,,,,,,,,,,,,,,,,,,,,,,,,5.55,3.53,3.8,4.47,3.01,3.37,4.47,1.7,4.36,3.35,1.84,6.31,-4.29,,,,,,,,,,,
232,Zimbabwe,ZWE,,,,,,,,,,,,,,,,,,,,,,,,,,,,,,,,,,,,,,,,,,,,,,,,,,,3.02,3.47,3.73,1.63,-0.2,-2.43,-1.54,0.89,10.62,255.3,557.2,98.55,104.71,,
233,Sint Maarten (Dutch part),SXM,,,,,,,,,,,,,,,,,,,,,,,,,,,,,,,,,,,,,,,,,,,,,,,0.3,4.43,-0.42,5.96,1.34,4.58,4.02,2.53,1.89,0.33,0.11,2.19,,,,,,,
234,Uzbekistan,UZB,,,,,,,,,,,,,,,,,,,,,,,,,,,,,,,,,,,,,,,,,,,,,,,,,,,,13.78,13.21,11.84,9.28,8.75,8.13,13.88,17.52,14.53,12.87,10.85,11.45,,
235,"Venezuela, RB",VEN,,,,,,,,,,,,,,,,,,,,,,,,,,,,,,,,,,,,,,,,,,,,,,,,,,27.08,28.19,26.09,21.07,40.64,62.17,121.74,254.95,,,,,,,,
236,Bosnia and Herzegovina,BIH,,,,,,,,,,,,,,,,,,,,,,,,,,,,,,,,,,,,,,,,,,,,,,,6.13,1.5,7.43,-0.38,2.0,3.67,2.05,,,,,,,,,,,,
237,Cayman Islands,CYM,,,,,,,,,,,,,,,,,,,,,,,,,,,,,,,,,,,,,,,,,,,,,,,,,,,0.28,1.33,1.19,2.16,1.27,-2.35,-0.63,,,,,,,,
238,New Caledonia,NCL,,,,,,,,,,,,,,,,,,,,,,,,,,,,,,,,,,,,,,,,,,,,,,,,,,,,2.43,1.75,1.28,0.18,0.57,0.58,,,,,,,,
239,Nauru,NRU,,,,,,,,,,,,,,,,,,,,,,,,,,,,,,,,,,,,,,,,,,,,,,,,,,,,0.3,-0.12,,,,,,,,,,,,
240,Tuvalu,TUV,,,,,,,,,,,,,,,,,,,,,,,,,,,,,,,,,,,,,,,,,,,,,,,,,,,,0.5,,,,,,,,,,,,,
